time,open,high,low,close,adjClose,volume,ma_long,ma_short,position,prediction,position,fees,pnl,capital,total_profit,total_loss,count_profit,count_loss
2007-12-03 00:00:00,148.190002,148.449997,147.289993,147.679993,114.118706,146430400.0,114.118706,114.118706,0.0,0.5,0.0,0.0,0.0,0.0,0.0,0.0,0.0,0.0
2007-12-04 00:00:00,146.660004,147.539993,146.309998,146.360001,113.098663,136533900.0,113.60868450000001,113.60868450000001,0.0,0.5,0.0,0.0,0.0,0.0,0.0,0.0,0.0,0.0
2007-12-05 00:00:00,147.929993,149.199997,147.830002,148.809998,114.99192,171130000.0,114.06976300000001,114.06976300000001,0.0,0.5,0.0,0.0,0.0,0.0,0.0,0.0,0.0,0.0
2007-12-06 00:00:00,148.630005,151.210007,148.570007,150.940002,116.637856,154457400.0,114.71178625,114.71178625,0.0,0.5,0.0,0.0,0.0,0.0,0.0,0.0,0.0,0.0
2007-12-07 00:00:00,151.419998,151.5,150.550003,150.910004,116.614746,148980100.0,115.09237820000001,115.09237820000001,0.0,0.5,0.0,0.0,0.0,0.0,0.0,0.0,0.0,0.0
2007-12-10 00:00:00,151.279999,152.25,150.860001,152.080002,117.518806,123914300.0,115.49678283333334,115.49678283333334,0.0,0.5,0.0,0.0,0.0,0.0,0.0,0.0,0.0,0.0
2007-12-11 00:00:00,152.139999,152.889999,147.830002,147.910004,114.296432,250346400.0,115.32530414285715,115.52640383333333,0.0,0.5,0.0,0.0,0.0,0.0,0.0,0.0,0.0,0.0
2007-12-12 00:00:00,151.059998,151.770004,147.199997,149.369995,115.424683,322435600.0,115.3377265,115.91407383333332,0.0,0.5,0.0,0.0,0.0,0.0,0.0,0.0,0.0,0.0
2007-12-13 00:00:00,148.320007,149.389999,147.300003,149.059998,115.185074,237551300.0,115.32076511111111,115.94626616666666,0.0,0.5,0.0,0.0,0.0,0.0,0.0,0.0,0.0,0.0
2007-12-14 00:00:00,147.929993,149.100006,147.100006,147.169998,113.724602,159152900.0,115.1611488,115.46072383333335,0.0,0.5,0.0,0.0,0.0,0.0,0.0,0.0,0.0,0.0
2007-12-17 00:00:00,146.610001,146.869995,144.860001,145.070007,112.10186,177269400.0,114.88303163636364,114.70857616666666,0.0,0.5,0.0,0.0,0.0,0.0,0.0,0.0,0.0,0.0
2007-12-18 00:00:00,146.100006,146.479996,143.960007,145.880005,112.727798,245569300.0,114.70342883333335,113.91007483333334,0.0,0.5,0.0,0.0,0.0,0.0,0.0,0.0,0.0,0.0
2007-12-19 00:00:00,145.940002,146.889999,144.940002,145.880005,112.727798,198917200.0,114.55145723076923,113.64863583333334,0.0,0.5,0.0,0.0,0.0,0.0,0.0,0.0,0.0,0.0
2007-12-20 00:00:00,146.839996,146.860001,145.179993,146.800003,113.438759,214813800.0,114.4719787857143,113.3176485,0.0,0.5,0.0,0.0,0.0,0.0,0.0,0.0,0.0,0.0
2007-12-21 00:00:00,147.369995,148.419998,147.089996,148.130005,115.073982,146084400.0,114.51211233333333,113.29913316666666,0.0,0.5,0.0,0.0,0.0,0.0,0.0,0.0,0.0,0.0
2007-12-24 00:00:00,148.820007,149.479996,148.479996,149.229996,115.928497,45601400.0,114.600636375,113.666449,0.0,0.5,0.0,0.0,0.0,0.0,0.0,0.0,0.0,0.0
2007-12-26 00:00:00,148.649994,149.679993,148.5,149.550003,116.177063,67093100.0,114.69336735294118,114.3456495,0.0,0.5,0.0,0.0,0.0,0.0,0.0,0.0,0.0,0.0
2007-12-27 00:00:00,149.020004,149.029999,147.320007,147.669998,114.716637,122981700.0,114.6946601111111,114.67712266666666,0.0,0.5,0.0,0.0,0.0,0.0,0.0,0.0,0.0,0.0
2007-12-28 00:00:00,148.539993,148.610001,146.899994,147.300003,114.429184,116398100.0,114.68068768421053,114.960687,0.0,0.5,0.0,0.0,0.0,0.0,0.0,0.0,0.0,0.0
2007-12-31 00:00:00,147.100006,147.610001,146.059998,146.210007,113.582451,108126800.0,114.62577585000001,114.98463566666665,0.0,0.5,0.0,0.0,0.0,0.0,0.0,0.0,0.0,0.0
2008-01-02 00:00:00,146.529999,146.990005,143.880005,144.929993,112.588051,204935600.0,114.52874133333336,114.57031383333333,0.0,0.5,0.0,0.0,0.0,0.0,0.0,0.0,0.0,0.0
2008-01-03 00:00:00,144.910004,145.490005,144.070007,144.860001,112.533707,125133300.0,114.43805795454547,114.00451550000001,0.0,0.5,0.0,0.0,0.0,0.0,0.0,0.0,0.0,0.0
2008-01-04 00:00:00,143.339996,143.440002,140.910004,141.309998,109.775894,232330900.0,114.23535517391306,112.93765400000001,0.0,0.5,0.0,0.0,0.0,0.0,0.0,0.0,0.0,0.0
2008-01-07 00:00:00,141.809998,142.229996,140.100006,141.190002,109.682663,234991000.0,114.04565966666668,112.09865833333333,0.0,0.5,0.0,0.0,0.0,0.0,0.0,0.0,0.0,0.0
2008-01-08 00:00:00,142.080002,142.899994,138.440002,138.910004,107.911469,326365700.0,113.80029204000002,111.01237250000001,0.0,0.5,0.0,0.0,0.0,0.0,0.0,0.0,0.0,0.0
2008-01-09 00:00:00,139.089996,140.789993,137.699997,140.369995,109.045631,301824900.0,113.61742046153849,110.25623583333332,0.0,0.5,0.0,0.0,0.0,0.0,0.0,0.0,0.0,0.0
2008-01-10 00:00:00,139.679993,142.800003,139.369995,141.289993,109.760323,335701200.0,113.47456500000001,109.78494783333332,0.0,0.5,0.0,0.0,0.0,0.0,0.0,0.0,0.0,0.0
2008-01-11 00:00:00,140.779999,141.899994,139.0,140.149994,108.874718,267076600.0,113.31028475000002,109.17511633333334,0.0,0.5,0.0,0.0,0.0,0.0,0.0,0.0,0.0,0.0
2008-01-14 00:00:00,141.160004,141.860001,140.399994,141.279999,109.752579,170365500.0,113.18760524137933,109.1712305,0.0,0.5,0.0,0.0,0.0,0.0,0.0,0.0,0.0,0.0
2008-01-15 00:00:00,139.789993,141.490005,137.899994,138.169998,107.336578,239940100.0,112.99257100000001,108.78021633333333,0.0,0.5,0.0,0.0,0.0,0.0,0.0,0.0,0.0,0.0
2008-01-16 00:00:00,137.360001,139.119995,136.279999,136.979996,106.412148,378802600.0,112.78029929032259,108.5303295,0.0,0.5,0.0,0.0,0.0,0.0,0.0,0.0,0.0,0.0
2008-01-17 00:00:00,137.809998,137.880005,132.929993,133.429993,103.654343,397892600.0,112.49511315625001,107.6317815,0.0,0.5,0.0,0.0,0.0,0.0,0.0,0.0,0.0,0.0
2008-01-18 00:00:00,134.740005,135.020004,131.100006,132.059998,102.59005,348561500.0,112.19495972727273,106.43673600000001,0.0,0.5,0.0,0.0,0.0,0.0,0.0,0.0,0.0,0.0
2008-01-22 00:00:00,127.209999,132.429993,126.0,130.720001,101.549118,435923700.0,111.88184673529412,105.21580266666666,0.0,0.5,0.0,0.0,0.0,0.0,0.0,0.0,0.0,0.0
2008-01-23 00:00:00,127.089996,134.190002,126.839996,133.860001,103.988426,511913000.0,111.65632042857143,104.2551105,0.0,0.5,0.0,0.0,0.0,0.0,0.0,0.0,0.0,0.0
2008-01-24 00:00:00,134.479996,135.460007,133.309998,134.990005,104.866249,259949300.0,111.46770733333334,103.84338900000002,0.0,0.5,0.0,0.0,0.0,0.0,0.0,0.0,0.0,0.0
2008-01-25 00:00:00,136.509995,136.759995,132.600006,133.039993,103.351387,269603900.0,111.24834732432433,103.33326216666667,0.0,0.5,0.0,0.0,0.0,0.0,0.0,0.0,0.0,0.0
2008-01-28 00:00:00,133.259995,135.520004,132.059998,135.240005,105.060455,217934600.0,111.08550805263157,103.56761416666667,0.0,0.5,0.0,0.0,0.0,0.0,0.0,0.0,0.0,0.0
2008-01-29 00:00:00,136.100006,136.449997,134.880005,135.910004,105.580925,168968300.0,110.94436489743589,104.06609333333334,0.0,0.5,0.0,0.0,0.0,0.0,0.0,0.0,0.0,0.0
2008-01-30 00:00:00,135.580002,138.539993,134.600006,134.910004,104.8041,334939200.0,110.790858275,104.60859033333334,0.0,0.5,0.0,0.0,0.0,0.0,0.0,0.0,0.0,0.0
2008-01-31 00:00:00,133.399994,138.539993,133.199997,137.369995,106.715118,343680800.0,110.69144997560976,105.06303899999999,0.0,0.5,0.0,0.0,0.0,0.0,0.0,0.0,0.0,0.0
2008-02-01 00:00:00,137.940002,139.610001,137.520004,139.580002,108.431938,206843600.0,110.63765207142858,105.65732050000001,0.0,0.5,0.0,0.0,0.0,0.0,0.0,0.0,0.0,0.0
2008-02-04 00:00:00,139.210007,139.300003,137.639999,137.820007,107.064705,124694300.0,110.55456027906976,106.27620683333333,0.0,0.5,0.0,0.0,0.0,0.0,0.0,0.0,0.0,0.0
2008-02-05 00:00:00,135.940002,136.25,133.669998,134.130005,104.198174,286882500.0,110.41009695454545,106.13249333333334,0.0,0.5,0.0,0.0,0.0,0.0,0.0,0.0,0.0,0.0
2008-02-06 00:00:00,134.580002,135.25,132.410004,133.050003,103.359177,250792900.0,110.25340984444445,105.762202,0.0,0.5,0.0,0.0,0.0,0.0,0.0,0.0,0.0,0.0
2008-02-07 00:00:00,131.800003,134.789993,131.729996,133.929993,104.04277,297368100.0,110.11839593478261,105.63531366666668,0.0,0.5,0.0,0.0,0.0,0.0,0.0,0.0,0.0,0.0
2008-02-08 00:00:00,133.089996,134.220001,132.100006,133.070007,103.374702,221643500.0,109.9749130851064,105.07857766666666,0.0,0.5,0.0,0.0,0.0,0.0,0.0,0.0,0.0,0.0
2008-02-11 00:00:00,133.100006,134.229996,132.039993,133.75,103.902916,188576300.0,109.84841314583333,104.32374066666667,0.0,0.5,0.0,0.0,0.0,0.0,0.0,0.0,0.0,0.0
2008-02-12 00:00:00,134.910004,136.309998,133.979996,134.990005,104.866249,256654400.0,109.74673632653061,103.95733133333334,0.0,0.5,0.0,0.0,0.0,0.0,0.0,0.0,0.0,0.0
2008-02-13 00:00:00,136.009995,137.059998,135.139999,136.369995,105.938286,181967800.0,109.67056731999999,104.24735000000003,0.0,0.5,0.0,0.0,0.0,0.0,0.0,0.0,0.0,0.0
2008-02-14 00:00:00,136.949997,137.0,134.789993,135.169998,105.00605,215207200.0,109.57910619607843,104.52182883333332,0.0,0.5,0.0,0.0,0.0,0.0,0.0,0.0,0.0,0.0
2008-02-15 00:00:00,134.5,135.220001,133.910004,135.139999,104.982765,154110300.0,109.49071501923075,104.67849466666667,0.0,0.5,0.0,0.0,0.0,0.0,0.0,0.0,0.0,0.0
2008-02-19 00:00:00,136.720001,136.889999,134.610001,135.520004,105.277954,145190000.0,109.41122896226413,104.99570333333334,0.0,0.5,0.0,0.0,0.0,0.0,0.0,0.0,0.0,0.0
2008-02-20 00:00:00,133.990005,136.550003,133.759995,135.919998,105.588699,220085700.0,109.34044137037036,105.27666716666668,0.0,0.5,0.0,0.0,0.0,0.0,0.0,0.0,0.0,0.0
2008-02-21 00:00:00,136.660004,137.009995,134.070007,134.789993,104.710846,201051200.0,109.2562669090909,105.25076666666666,0.0,0.5,0.0,0.0,0.0,0.0,0.0,0.0,0.0,0.0
2008-02-22 00:00:00,134.970001,135.850006,132.860001,135.619995,105.355629,205491000.0,109.18661266071426,105.15365716666666,0.0,0.5,0.0,0.0,0.0,0.0,0.0,0.0,0.0,0.0
2008-02-25 00:00:00,135.539993,137.649994,134.779999,137.330002,106.684021,190107000.0,109.14270754385963,105.433319,0.0,0.5,0.0,0.0,0.0,0.0,0.0,0.0,0.0,0.0
2008-02-26 00:00:00,136.75,138.949997,136.5,138.360001,107.48423,212420700.0,109.11411310344826,105.85022983333334,0.0,0.5,0.0,0.0,0.0,0.0,0.0,0.0,0.0,0.0
2008-02-27 00:00:00,137.559998,139.139999,137.410004,138.220001,107.375443,168395800.0,109.08464411864405,106.19981133333334,0.0,0.5,0.0,0.0,0.0,0.0,0.0,0.0,0.0,0.0
2008-02-28 00:00:00,137.240005,137.960007,136.550003,136.869995,106.326683,170831100.0,109.03867809999998,106.32280866666667,0.0,0.5,0.0,0.0,0.0,0.0,0.0,0.0,0.0,0.0
2008-02-29 00:00:00,135.600006,135.679993,132.779999,133.820007,103.957336,252715200.0,108.95537740983606,106.19722366666667,0.0,0.5,0.0,0.0,0.0,0.0,0.0,0.0,0.0,0.0
2008-03-03 00:00:00,133.139999,133.809998,132.240005,133.5,103.708725,189483500.0,108.87075398387097,105.92273966666666,0.0,0.5,0.0,0.0,0.0,0.0,0.0,0.0,0.0,0.0
2008-03-04 00:00:00,132.229996,133.399994,130.990005,132.990005,103.312546,282513100.0,108.78252846031747,105.36082716666665,0.0,0.5,0.0,0.0,0.0,0.0,0.0,0.0,0.0,0.0
2008-03-05 00:00:00,133.419998,134.770004,132.339996,133.830002,103.96508,270681400.0,108.707255828125,104.77430216666669,0.0,0.5,0.0,0.0,0.0,0.0,0.0,0.0,0.0,0.0
2008-03-06 00:00:00,132.979996,133.220001,130.550003,131.059998,101.813217,247911700.0,108.60119369230769,103.8472645,0.0,0.5,0.0,0.0,0.0,0.0,0.0,0.0,0.0,0.0
2008-03-07 00:00:00,129.770004,131.740005,128.580002,129.710007,100.764511,326434600.0,108.48245607575758,102.92023583333332,0.0,0.5,0.0,0.0,0.0,0.0,0.0,0.0,0.0,0.0
2008-03-10 00:00:00,129.839996,129.929993,127.589996,128.0,99.436104,235683600.0,108.3474358955224,102.16669716666667,0.0,0.5,0.0,0.0,0.0,0.0,0.0,0.0,0.0,0.0
2008-03-11 00:00:00,130.720001,132.720001,128.949997,132.600006,103.009598,341440600.0,108.26893827941177,102.05017600000001,0.0,0.5,0.0,0.0,0.0,0.0,0.0,0.0,0.0,0.0
2008-03-12 00:00:00,132.740005,133.770004,131.160004,131.360001,102.046288,229161100.0,108.17875494202899,101.839133,0.0,0.5,0.0,0.0,0.0,0.0,0.0,0.0,0.0,0.0
2008-03-13 00:00:00,129.610001,132.639999,128.600006,131.649994,102.271584,351504200.0,108.0943667857143,101.55688366666665,0.0,0.5,0.0,0.0,0.0,0.0,0.0,0.0,0.0,0.0
2008-03-14 00:00:00,132.770004,132.809998,127.779999,129.610001,100.686783,484687800.0,107.99003461971832,101.36914466666667,0.0,0.5,0.0,0.0,0.0,0.0,0.0,0.0,0.0,0.0
2008-03-17 00:00:00,126.57,129.259995,126.07,128.300003,99.669136,405311100.0,107.87446658333334,101.18658216666667,0.0,0.5,0.0,0.0,0.0,0.0,0.0,0.0,0.0,0.0
2008-03-18 00:00:00,130.619995,133.690002,129.979996,133.630005,103.809731,334416600.0,107.81878527397262,101.91552,0.0,0.5,0.0,0.0,0.0,0.0,0.0,0.0,0.0,0.0
2008-03-19 00:00:00,134.139999,134.649994,130.039993,130.320007,101.238373,345971600.0,107.7298607837838,101.62031583333334,0.0,0.5,0.0,0.0,0.0,0.0,0.0,0.0,0.0,0.0
2008-03-20 00:00:00,130.050003,132.910004,129.259995,132.080002,103.113586,245320700.0,107.66831045333336,101.79819883333334,0.0,0.5,0.0,0.0,0.0,0.0,0.0,0.0,0.0,0.0
2008-03-21 00:00:00,130.050003,132.910004,129.259995,132.080002,103.113586,245320700.0,107.60837986842108,101.93853250000001,0.0,0.5,0.0,0.0,0.0,0.0,0.0,0.0,0.0,0.0
2008-03-24 00:00:00,133.309998,135.809998,133.240005,134.720001,105.174606,208977300.0,107.57677241558446,102.686503,0.0,0.5,0.0,0.0,0.0,0.0,0.0,0.0,0.0,0.0
2008-03-25 00:00:00,134.860001,135.550003,133.770004,134.850006,105.276115,192947200.0,107.54727680769236,103.6209995,0.0,0.5,0.0,0.0,0.0,0.0,0.0,0.0,0.0,0.0
2008-03-26 00:00:00,134.460007,135.089996,133.110001,133.199997,103.987976,196934300.0,107.50222236708866,103.650707,0.0,0.5,0.0,0.0,0.0,0.0,0.0,0.0,0.0,0.0
2008-03-27 00:00:00,134.199997,134.440002,132.360001,132.779999,103.660042,225153200.0,107.45419511250005,104.05431849999998,0.0,0.5,0.0,0.0,0.0,0.0,0.0,0.0,0.0,0.0
2008-03-28 00:00:00,132.990005,133.360001,131.059998,131.509995,102.668587,180896100.0,107.39511353086424,103.98015199999999,0.0,0.5,0.0,0.0,0.0,0.0,0.0,0.0,0.0,0.0
2008-03-31 00:00:00,131.289993,132.729996,131.089996,131.970001,103.02771,166692100.0,107.34185251219517,103.96583933333334,0.0,0.5,0.0,0.0,0.0,0.0,0.0,0.0,0.0,0.0
2008-04-01 00:00:00,133.610001,136.839996,133.509995,136.610001,106.650108,254547300.0,107.3335182409639,104.21175633333333,0.0,0.5,0.0,0.0,0.0,0.0,0.0,0.0,0.0,0.0
2008-04-02 00:00:00,137.050003,137.669998,135.979996,136.699997,106.720367,210910800.0,107.32621882142861,104.452465,0.0,0.5,0.0,0.0,0.0,0.0,0.0,0.0,0.0,0.0
2008-04-03 00:00:00,135.960007,137.440002,135.710007,137.039993,106.985825,175884800.0,107.32221418823534,104.9521065,0.0,0.5,0.0,0.0,0.0,0.0,0.0,0.0,0.0,0.0
2008-04-04 00:00:00,137.119995,137.960007,136.119995,136.889999,106.868698,204446800.0,107.31694074418608,105.4868825,0.0,0.5,0.0,0.0,0.0,0.0,0.0,0.0,0.0,0.0
2008-04-07 00:00:00,137.869995,138.570007,136.740005,136.960007,106.923347,154245500.0,107.31241667816096,106.19600916666667,0.0,0.5,0.0,0.0,0.0,0.0,0.0,0.0,0.0,0.0
2008-04-08 00:00:00,136.190002,136.919998,135.949997,136.820007,106.814056,148937300.0,107.30675348863639,106.82706683333333,0.0,0.5,0.0,0.0,0.0,0.0,0.0,0.0,0.0,0.0
2008-04-09 00:00:00,136.610001,136.800003,134.889999,135.830002,106.041168,195610600.0,107.29253342696632,106.72557683333332,0.0,0.5,0.0,0.0,0.0,0.0,0.0,0.0,0.0,0.0
2008-04-10 00:00:00,135.419998,136.669998,134.899994,136.020004,106.189514,192967800.0,107.28027765555558,106.63710133333335,0.0,0.5,0.0,0.0,0.0,0.0,0.0,0.0,0.0,0.0
2008-04-11 00:00:00,134.490005,135.119995,133.009995,133.380005,104.128494,222973300.0,107.16927530000001,106.16087950000001,0.0,0.5,0.0,0.0,0.0,0.0,0.0,0.0,0.0,0.0
2008-04-14 00:00:00,133.190002,133.539993,132.550003,132.929993,103.777199,160522000.0,107.06570347777779,105.64562966666666,0.0,0.5,0.0,0.0,0.0,0.0,0.0,0.0,0.0,0.0
2008-04-15 00:00:00,133.580002,133.690002,132.330002,133.240005,104.019196,172389200.0,106.94378432222221,105.1616045,0.0,0.5,0.0,0.0,0.0,0.0,0.0,0.0,0.0,0.0
2008-04-16 00:00:00,134.539993,136.910004,134.520004,136.850006,106.837494,189268900.0,106.83489141111109,105.16551083333333,0.0,0.5,0.0,0.0,0.0,0.0,0.0,0.0,0.0,0.0
2008-04-17 00:00:00,136.020004,137.25,135.660004,137.050003,106.993599,179665700.0,106.72798977777776,105.32424933333334,0.0,0.5,0.0,0.0,0.0,0.0,0.0,0.0,0.0,0.0
2008-04-18 00:00:00,138.940002,139.559998,138.259995,138.479996,108.110023,218530600.0,106.62344774444443,105.64433416666667,0.0,0.5,0.0,0.0,0.0,0.0,0.0,0.0,0.0,0.0
2008-04-21 00:00:00,138.229996,138.979996,137.850006,138.550003,108.16465,118587400.0,106.55531683333334,106.31702683333333,0.0,0.5,0.0,0.0,0.0,0.0,0.0,0.0,0.0,0.0
2008-04-22 00:00:00,138.190002,138.309998,136.899994,137.940002,107.688454,162166000.0,106.46935873333332,106.96890266666668,0.0,0.5,0.0,0.0,0.0,0.0,0.0,0.0,0.0,0.0
2008-04-23 00:00:00,138.089996,138.779999,137.119995,137.720001,107.516678,193309000.0,106.38415433333331,107.55181633333332,0.0,0.5,0.0,0.0,0.0,0.0,0.0,0.0,0.0,0.0
2008-04-24 00:00:00,138.080002,139.740005,137.039993,138.320007,107.985107,229381300.0,106.32038216666666,107.74308516666666,0.0,0.5,0.0,0.0,0.0,0.0,0.0,0.0,0.0,0.0
2008-04-25 00:00:00,139.399994,139.889999,137.910004,139.600006,108.98439,190788100.0,106.28574361111112,108.07488366666666,0.0,0.5,0.0,0.0,0.0,0.0,0.0,0.0,0.0,0.0
2008-04-28 00:00:00,139.880005,140.25,139.380005,139.630005,109.007835,105610200.0,106.24441068888888,108.22451899999999,0.0,0.5,0.0,0.0,0.0,0.0,0.0,0.0,0.0,0.0
2008-04-29 00:00:00,139.389999,139.729996,138.610001,139.080002,108.578453,125514100.0,106.19830685555557,108.29348616666665,0.0,0.5,0.0,0.0,0.0,0.0,0.0,0.0,0.0,0.0
2008-04-30 00:00:00,139.289993,140.589996,138.259995,138.259995,107.938255,208395900.0,106.13719014444442,108.33511966666667,0.0,0.5,0.0,0.0,0.0,0.0,0.0,0.0,0.0,0.0
2008-05-01 00:00:00,138.380005,141.119995,138.270004,141.119995,110.170998,187279500.0,106.08271254444443,108.77750633333335,0.0,0.5,0.0,0.0,0.0,0.0,0.0,0.0,0.0,0.0
2008-05-02 00:00:00,142.339996,142.369995,140.559998,141.509995,110.475494,181585500.0,106.02212362222222,109.19257083333336,0.0,0.5,0.0,0.0,0.0,0.0,0.0,0.0,0.0,0.0
2008-05-05 00:00:00,141.050003,141.610001,140.410004,140.830002,109.944595,118504500.0,105.9528739777778,109.352605,0.0,0.5,0.0,0.0,0.0,0.0,0.0,0.0,0.0,0.0
2008-05-06 00:00:00,140.020004,142.199997,139.690002,142.050003,110.897087,179339800.0,105.91043453333336,109.66748033333333,0.0,0.5,0.0,0.0,0.0,0.0,0.0,0.0,0.0,0.0
2008-05-07 00:00:00,141.889999,142.039993,139.130005,139.520004,108.921921,199267300.0,105.84924272222223,109.72472499999999,0.0,0.5,0.0,0.0,0.0,0.0,0.0,0.0,0.0,0.0
2008-05-08 00:00:00,139.740005,140.320007,138.979996,139.160004,108.640862,178321200.0,105.79433617777781,109.84182616666665,0.0,0.5,0.0,0.0,0.0,0.0,0.0,0.0,0.0,0.0
2008-05-09 00:00:00,138.600006,139.389999,138.449997,138.899994,108.437904,152588200.0,105.74822343333337,109.55297716666666,0.0,0.5,0.0,0.0,0.0,0.0,0.0,0.0,0.0,0.0
2008-05-12 00:00:00,139.25,140.559998,138.729996,140.460007,109.655792,147865900.0,105.71624660000002,109.41636016666666,0.0,0.5,0.0,0.0,0.0,0.0,0.0,0.0,0.0,0.0
2008-05-13 00:00:00,140.800003,140.889999,139.729996,140.479996,109.67141,159132200.0,105.71508566666671,109.37082933333335,0.0,0.5,0.0,0.0,0.0,0.0,0.0,0.0,0.0,0.0
2008-05-14 00:00:00,141.070007,142.199997,140.460007,140.770004,109.897766,181910800.0,105.71747570000001,109.20427583333334,0.0,0.5,0.0,0.0,0.0,0.0,0.0,0.0,0.0,0.0
2008-05-15 00:00:00,141.039993,142.630005,140.830002,142.529999,111.27182,166927000.0,105.75481293333335,109.59592566666667,0.0,0.5,0.0,0.0,0.0,0.0,0.0,0.0,0.0,0.0
2008-05-16 00:00:00,142.860001,142.869995,141.610001,142.660004,111.373322,204236800.0,105.7806761666667,110.05133566666667,0.0,0.5,0.0,0.0,0.0,0.0,0.0,0.0,0.0,0.0
2008-05-19 00:00:00,142.809998,144.300003,142.300003,143.050003,111.677795,165664400.0,105.80198141111114,110.59131749999999,0.0,0.5,0.0,0.0,0.0,0.0,0.0,0.0,0.0,0.0
2008-05-20 00:00:00,142.270004,142.339996,141.0,141.889999,110.772179,178552100.0,105.82306431111114,110.77738200000003,0.0,0.5,0.0,0.0,0.0,0.0,0.0,0.0,0.0,0.0
2008-05-21 00:00:00,141.809998,142.119995,139.0,139.490005,108.898506,252724800.0,105.81357461111112,110.64856466666667,0.0,0.5,0.0,0.0,0.0,0.0,0.0,0.0,0.0,0.0
2008-05-22 00:00:00,139.429993,140.169998,139.0,139.509995,108.914131,170820400.0,105.83110297777779,110.48462549999999,0.0,0.5,0.0,0.0,0.0,0.0,0.0,0.0,0.0,0.0
2008-05-23 00:00:00,139.050003,139.660004,137.520004,137.639999,107.454216,181376400.0,105.84268151111112,109.84835816666667,0.0,0.5,0.0,0.0,0.0,0.0,0.0,0.0,0.0,0.0
2008-05-27 00:00:00,137.800003,139.0,137.529999,138.660004,108.250511,168322900.0,105.89375004444446,109.32788966666665,0.0,0.5,0.0,0.0,0.0,0.0,0.0,0.0,0.0,0.0
2008-05-28 00:00:00,139.169998,140.0,138.0,139.300003,108.75016,181288100.0,105.96219571111111,108.83995049999999,0.0,0.5,0.0,0.0,0.0,0.0,0.0,0.0,0.0,0.0
2008-05-29 00:00:00,139.130005,140.929993,139.080002,140.0,109.296654,173927200.0,106.04827944444446,108.59402966666666,0.0,0.5,0.0,0.0,0.0,0.0,0.0,0.0,0.0,0.0
2008-05-30 00:00:00,140.470001,140.740005,139.940002,140.350006,109.569855,117362000.0,106.11029532222221,108.70592116666666,0.0,0.5,0.0,0.0,0.0,0.0,0.0,0.0,0.0,0.0
2008-06-02 00:00:00,139.830002,139.860001,138.0,138.899994,108.437904,181069900.0,106.14998037777774,108.62655,0.0,0.5,0.0,0.0,0.0,0.0,0.0,0.0,0.0,0.0
2008-06-03 00:00:00,139.300003,139.619995,137.229996,138.089996,107.805542,271965700.0,106.19947098888886,108.68510433333336,0.0,0.5,0.0,0.0,0.0,0.0,0.0,0.0,0.0,0.0
2008-06-04 00:00:00,137.699997,139.160004,137.460007,138.020004,107.750877,246637700.0,106.22936456666666,108.60183199999999,0.0,0.5,0.0,0.0,0.0,0.0,0.0,0.0,0.0,0.0
2008-06-05 00:00:00,138.580002,140.889999,138.320007,140.779999,109.905602,237867100.0,106.27741653333335,108.79440566666669,0.0,0.5,0.0,0.0,0.0,0.0,0.0,0.0,0.0,0.0
2008-06-06 00:00:00,139.550003,139.800003,136.220001,136.289993,106.400291,384276300.0,106.2951519888889,108.31167850000001,0.0,0.5,0.0,0.0,0.0,0.0,0.0,0.0,0.0,0.0
2008-06-09 00:00:00,136.860001,137.5,135.410004,136.619995,106.657921,228263900.0,106.29451646666668,107.82635616666666,0.0,0.5,0.0,0.0,0.0,0.0,0.0,0.0,0.0,0.0
2008-06-10 00:00:00,135.669998,137.100006,135.350006,135.940002,106.127045,260234900.0,106.26890654444443,107.44121299999999,0.0,0.5,0.0,0.0,0.0,0.0,0.0,0.0,0.0,0.0
2008-06-11 00:00:00,135.970001,136.259995,133.929993,133.940002,104.565666,283890100.0,106.24113944444444,106.90123366666666,0.0,0.5,0.0,0.0,0.0,0.0,0.0,0.0,0.0,0.0
2008-06-12 00:00:00,134.600006,135.869995,133.520004,134.449997,104.963837,252791800.0,106.24964681111109,106.436727,0.0,0.5,0.0,0.0,0.0,0.0,0.0,0.0,0.0,0.0
2008-06-13 00:00:00,135.169998,136.520004,134.419998,136.149994,106.290993,244726900.0,106.28222254444445,105.83429216666666,0.0,0.5,0.0,0.0,0.0,0.0,0.0,0.0,0.0,0.0
2008-06-16 00:00:00,135.550003,136.929993,135.460007,136.229996,106.353455,185832500.0,106.30789682222223,105.82648616666665,0.0,0.5,0.0,0.0,0.0,0.0,0.0,0.0,0.0,0.0
2008-06-17 00:00:00,137.070007,137.119995,135.369995,135.570007,105.838219,191707700.0,106.33526923333332,105.68986916666665,0.0,0.5,0.0,0.0,0.0,0.0,0.0,0.0,0.0,0.0
2008-06-18 00:00:00,134.690002,135.520004,133.710007,134.25,104.807709,265893000.0,106.3453224888889,105.46997983333334,0.0,0.5,0.0,0.0,0.0,0.0,0.0,0.0,0.0,0.0
2008-06-19 00:00:00,134.149994,135.240005,133.5,134.419998,104.940414,304204900.0,106.34614654444445,105.53243783333335,0.0,0.5,0.0,0.0,0.0,0.0,0.0,0.0,0.0,0.0
2008-06-20 00:00:00,132.839996,133.089996,131.220001,131.580002,103.237068,289275700.0,106.31613301111113,105.244643,0.0,0.5,0.0,0.0,0.0,0.0,0.0,0.0,0.0,0.0
2008-06-23 00:00:00,132.089996,132.229996,131.320007,131.449997,103.13504,165096400.0,106.29534401111113,104.71865083333334,0.0,0.5,0.0,0.0,0.0,0.0,0.0,0.0,0.0,0.0
2008-06-24 00:00:00,131.050003,132.440002,130.190002,131.190002,102.931046,267300600.0,106.27254713333333,104.14824933333334,0.0,0.5,0.0,0.0,0.0,0.0,0.0,0.0,0.0,0.0
2008-06-25 00:00:00,131.720001,133.399994,131.240005,131.809998,103.417511,287853900.0,106.25187554444446,103.744798,0.0,0.5,0.0,0.0,0.0,0.0,0.0,0.0,0.0,0.0
2008-06-26 00:00:00,130.570007,131.419998,128.080002,128.229996,100.608673,297775000.0,106.19654192222224,103.04495866666666,0.0,0.5,0.0,0.0,0.0,0.0,0.0,0.0,0.0,0.0
2008-06-27 00:00:00,128.279999,128.860001,127.040001,127.529999,100.059456,303423400.0,106.14485981111115,102.23146566666667,0.0,0.5,0.0,0.0,0.0,0.0,0.0,0.0,0.0,0.0
2008-06-30 00:00:00,127.889999,128.910004,127.300003,127.980003,100.412506,258842600.0,106.08993622222224,101.76070533333332,0.0,0.5,0.0,0.0,0.0,0.0,0.0,0.0,0.0,0.0
2008-07-01 00:00:00,126.519997,128.470001,125.93,128.380005,100.726341,388622000.0,106.0237397777778,101.3592555,0.0,0.5,0.0,0.0,0.0,0.0,0.0,0.0,0.0,0.0
2008-07-02 00:00:00,128.789993,129.160004,125.949997,126.18,99.000221,288064600.0,105.92947301111114,100.704118,0.0,0.5,0.0,0.0,0.0,0.0,0.0,0.0,0.0,0.0
2008-07-03 00:00:00,127.110001,127.110001,124.989998,126.309998,99.102234,239352500.0,105.8375484666667,99.98490516666665,0.0,0.5,0.0,0.0,0.0,0.0,0.0,0.0,0.0,0.0
2008-07-07 00:00:00,126.790001,127.339996,123.919998,125.019997,98.090103,372427300.0,105.74603091111113,99.56514350000002,0.0,0.5,0.0,0.0,0.0,0.0,0.0,0.0,0.0,0.0
2008-07-08 00:00:00,124.989998,127.389999,124.199997,127.239998,99.831909,375973700.0,105.70019283333338,99.527219,0.0,0.5,0.0,0.0,0.0,0.0,0.0,0.0,0.0,0.0
2008-07-09 00:00:00,127.5,127.739998,124.389999,124.790001,97.909645,336729400.0,105.63575861111114,99.1100755,0.0,0.5,0.0,0.0,0.0,0.0,0.0,0.0,0.0,0.0
2008-07-10 00:00:00,124.43,125.790001,123.580002,125.300003,98.309792,436475700.0,105.58017245555556,98.70731733333332,0.0,0.5,0.0,0.0,0.0,0.0,0.0,0.0,0.0,0.0
2008-07-11 00:00:00,123.970001,125.900002,122.489998,123.839996,97.164246,481124600.0,105.50460763333336,98.40132150000001,0.0,0.5,0.0,0.0,0.0,0.0,0.0,0.0,0.0,0.0
2008-07-14 00:00:00,125.260002,125.5,122.400002,122.720001,96.285522,322720800.0,105.44318880000004,97.9318695,0.0,0.5,0.0,0.0,0.0,0.0,0.0,0.0,0.0,0.0
2008-07-15 00:00:00,121.800003,123.489998,120.019997,120.989998,94.928162,502502500.0,105.37834047777783,97.40487933333334,0.0,0.5,0.0,0.0,0.0,0.0,0.0,0.0,0.0,0.0
2008-07-16 00:00:00,121.449997,124.57,121.099998,123.959999,97.25843,371642900.0,105.35414410000004,96.97596616666668,0.0,0.5,0.0,0.0,0.0,0.0,0.0,0.0,0.0,0.0
2008-07-17 00:00:00,125.139999,126.260002,124.089996,125.199997,98.231316,375490600.0,105.30105207777778,97.029578,0.0,0.5,0.0,0.0,0.0,0.0,0.0,0.0,0.0,0.0
2008-07-18 00:00:00,126.169998,126.419998,125.150002,125.980003,98.843338,267030100.0,105.26546374444446,97.11850233333332,0.0,0.5,0.0,0.0,0.0,0.0,0.0,0.0,0.0,0.0
2008-07-21 00:00:00,126.510002,126.800003,125.190002,126.050003,98.898247,222863000.0,105.22798222222221,97.4075025,0.0,0.5,0.0,0.0,0.0,0.0,0.0,0.0,0.0,0.0
2008-07-22 00:00:00,125.150002,127.800003,124.849998,127.480003,100.020218,296904200.0,105.22057594444442,98.02995183333333,0.0,0.5,0.0,0.0,0.0,0.0,0.0,0.0,0.0,0.0
2008-07-23 00:00:00,127.889999,129.149994,127.550003,128.169998,100.561577,311698400.0,105.23049195555555,98.96885433333334,0.0,0.5,0.0,0.0,0.0,0.0,0.0,0.0,0.0,0.0
2008-07-24 00:00:00,128.339996,128.410004,125.160004,125.510002,98.474548,248634500.0,105.17121214444441,99.17154066666666,0.0,0.5,0.0,0.0,0.0,0.0,0.0,0.0,0.0,0.0
2008-07-25 00:00:00,125.889999,126.489998,125.169998,125.480003,98.451027,219131000.0,105.1402416333333,99.20815916666665,0.0,0.5,0.0,0.0,0.0,0.0,0.0,0.0,0.0,0.0
2008-07-28 00:00:00,125.510002,126.059998,123.419998,123.639999,97.007355,205201300.0,105.07239462222218,98.90216200000002,0.0,0.5,0.0,0.0,0.0,0.0,0.0,0.0,0.0,0.0
2008-07-29 00:00:00,123.980003,126.379997,123.639999,126.279999,99.078674,261505600.0,105.02756226666664,98.93223316666666,0.0,0.5,0.0,0.0,0.0,0.0,0.0,0.0,0.0,0.0
2008-07-30 00:00:00,127.110001,128.600006,126.279999,128.529999,100.844048,354710000.0,104.97944495555552,99.06953816666667,0.0,0.5,0.0,0.0,0.0,0.0,0.0,0.0,0.0,0.0
2008-07-31 00:00:00,127.400002,128.570007,126.629997,126.830002,99.510231,277402100.0,104.91537957777776,98.89431383333334,0.0,0.5,0.0,0.0,0.0,0.0,0.0,0.0,0.0,0.0
2008-08-01 00:00:00,127.120003,127.279999,125.459999,126.160004,98.984535,248690900.0,104.85978578888886,98.97931166666667,0.0,0.5,0.0,0.0,0.0,0.0,0.0,0.0,0.0,0.0
2008-08-04 00:00:00,126.040001,126.139999,124.760002,124.989998,98.066559,188239600.0,104.79763597777777,98.91523366666667,0.0,0.5,0.0,0.0,0.0,0.0,0.0,0.0,0.0,0.0
2008-08-05 00:00:00,126.019997,128.559998,124.970001,128.360001,100.710663,251577600.0,104.77588126666666,99.53245166666666,0.0,0.5,0.0,0.0,0.0,0.0,0.0,0.0,0.0,0.0
2008-08-06 00:00:00,128.020004,129.300003,127.480003,128.929993,101.157852,209555400.0,104.75510506666667,99.87898133333334,0.0,0.5,0.0,0.0,0.0,0.0,0.0,0.0,0.0,0.0
2008-08-07 00:00:00,127.959999,128.440002,126.540001,127.010002,99.651459,246312500.0,104.67734230000002,99.68021650000001,0.0,0.5,0.0,0.0,0.0,0.0,0.0,0.0,0.0,0.0
2008-08-08 00:00:00,126.580002,129.929993,126.379997,129.369995,101.503098,260811700.0,104.61937264444443,100.012361,0.0,0.5,0.0,0.0,0.0,0.0,0.0,0.0,0.0,0.0
2008-08-11 00:00:00,129.470001,131.509995,129.229996,130.710007,102.554459,249425800.0,104.57013524444444,100.60734833333332,0.0,0.5,0.0,0.0,0.0,0.0,0.0,0.0,0.0,0.0
2008-08-12 00:00:00,130.279999,130.699997,128.729996,129.350006,101.487457,213200800.0,104.51034367777781,101.177498,0.0,0.5,0.0,0.0,0.0,0.0,0.0,0.0,0.0,0.0
2008-08-13 00:00:00,128.789993,129.649994,127.669998,128.570007,100.875427,256393200.0,104.4431445666667,101.20495866666666,0.0,0.5,0.0,0.0,0.0,0.0,0.0,0.0,0.0,0.0
2008-08-14 00:00:00,127.839996,130.279999,127.75,129.539993,101.636467,239555300.0,104.38561580000005,101.28472783333335,0.0,0.5,0.0,0.0,0.0,0.0,0.0,0.0,0.0,0.0
2008-08-15 00:00:00,129.929993,130.5,129.300003,130.169998,102.13076,181000800.0,104.34216682222225,101.69794466666666,0.0,0.5,0.0,0.0,0.0,0.0,0.0,0.0,0.0,0.0
2008-08-18 00:00:00,130.429993,130.479996,127.660004,128.389999,100.734192,172275100.0,104.28155213333336,101.56979366666667,0.0,0.5,0.0,0.0,0.0,0.0,0.0,0.0,0.0,0.0
2008-08-19 00:00:00,127.419998,127.690002,126.529999,126.989998,99.63575,194673700.0,104.23163275555558,101.08334216666667,0.0,0.5,0.0,0.0,0.0,0.0,0.0,0.0,0.0,0.0
2008-08-20 00:00:00,127.389999,127.949997,126.339996,127.580002,100.098663,225498200.0,104.19076013333337,100.8518765,0.0,0.5,0.0,0.0,0.0,0.0,0.0,0.0,0.0,0.0
2008-08-21 00:00:00,126.75,128.440002,126.599998,127.800003,100.271263,180609800.0,104.14911643333336,100.75118249999998,0.0,0.5,0.0,0.0,0.0,0.0,0.0,0.0,0.0,0.0
2008-08-22 00:00:00,128.669998,129.649994,127.800003,129.649994,101.722771,167715300.0,104.09228617777782,100.76556649999999,0.0,0.5,0.0,0.0,0.0,0.0,0.0,0.0,0.0,0.0
2008-08-25 00:00:00,128.800003,129.649994,126.75,127.019997,99.659286,171936900.0,104.01079381111114,100.35365416666666,0.0,0.5,0.0,0.0,0.0,0.0,0.0,0.0,0.0,0.0
2008-08-26 00:00:00,127.019997,127.870003,126.580002,127.389999,99.949577,159117200.0,103.92012218888891,100.222885,0.0,0.5,0.0,0.0,0.0,0.0,0.0,0.0,0.0,0.0
2008-08-27 00:00:00,127.550003,128.830002,127.300003,128.630005,100.922508,171032800.0,103.83965394444446,100.43734466666668,0.0,0.5,0.0,0.0,0.0,0.0,0.0,0.0,0.0,0.0
2008-08-28 00:00:00,129.279999,130.339996,129.110001,130.190002,102.146461,167537100.0,103.77807624444448,100.77864433333333,0.0,0.5,0.0,0.0,0.0,0.0,0.0,0.0,0.0,0.0
2008-08-29 00:00:00,129.729996,130.139999,128.509995,128.789993,101.048027,189195800.0,103.70620234444443,100.90810499999999,0.0,0.5,0.0,0.0,0.0,0.0,0.0,0.0,0.0,0.0
2008-09-02 00:00:00,130.029999,130.710007,127.519997,127.989998,100.420341,252364900.0,103.62214938888889,100.69103333333332,0.0,0.5,0.0,0.0,0.0,0.0,0.0,0.0,0.0,0.0
2008-09-03 00:00:00,127.879997,128.5,126.93,127.879997,100.334061,251947000.0,103.52603462222224,100.80349583333333,0.0,0.5,0.0,0.0,0.0,0.0,0.0,0.0,0.0,0.0
2008-09-04 00:00:00,126.970001,127.230003,123.959999,124.029999,97.313354,340042500.0,103.39609594444445,100.36412533333333,0.0,0.5,0.0,0.0,0.0,0.0,0.0,0.0,0.0,0.0
2008-09-05 00:00:00,123.290001,124.949997,122.0,124.419998,97.619377,289503400.0,103.27432843333335,99.8136035,0.0,0.5,0.0,0.0,0.0,0.0,0.0,0.0,0.0,0.0
2008-09-08 00:00:00,128.039993,128.240005,124.419998,126.989998,99.63575,364075300.0,103.18207837777777,99.39515166666666,0.0,0.5,0.0,0.0,0.0,0.0,0.0,0.0,0.0,0.0
2008-09-09 00:00:00,127.099998,127.360001,122.800003,123.220001,96.677803,377326800.0,103.03215398888887,98.66678100000001,0.0,0.5,0.0,0.0,0.0,0.0,0.0,0.0,0.0,0.0
2008-09-10 00:00:00,123.889999,124.900002,122.550003,123.720001,97.070152,298916600.0,102.88320574444447,98.10841616666666,0.0,0.5,0.0,0.0,0.0,0.0,0.0,0.0,0.0,0.0
2008-09-11 00:00:00,122.120003,125.739998,121.599998,125.510002,98.474548,375369400.0,102.7557607777778,97.79849733333333,0.0,0.5,0.0,0.0,0.0,0.0,0.0,0.0,0.0,0.0
2008-09-12 00:00:00,124.290001,126.209999,123.830002,126.089996,98.929588,297851200.0,102.6227885666667,98.06786966666665,0.0,0.5,0.0,0.0,0.0,0.0,0.0,0.0,0.0,0.0
2008-09-15 00:00:00,121.629997,125.650002,119.889999,120.089996,94.222038,483607000.0,102.45945653333337,97.50164649999999,0.0,0.5,0.0,0.0,0.0,0.0,0.0,0.0,0.0,0.0
2008-09-16 00:00:00,117.199997,122.32,117.0,122.099998,95.799103,581744300.0,102.31677032222225,96.8622053333333,0.0,0.5,0.0,0.0,0.0,0.0,0.0,0.0,0.0,0.0
2008-09-17 00:00:00,119.639999,121.849998,116.0,116.610001,91.491646,624095600.0,102.12847856666669,95.99784583333333,0.0,0.5,0.0,0.0,0.0,0.0,0.0,0.0,0.0,0.0
2008-09-18 00:00:00,118.050003,121.790001,113.800003,120.07,94.206345,776114700.0,101.95681804444447,95.52054466666668,0.0,0.5,0.0,0.0,0.0,0.0,0.0,0.0,0.0,0.0
2008-09-19 00:00:00,126.699997,128.0,123.330002,124.120003,97.947632,501087800.0,101.82655384444446,95.43272533333334,0.0,0.5,0.0,0.0,0.0,0.0,0.0,0.0,0.0,0.0
2008-09-22 00:00:00,124.449997,124.75,120.360001,121.309998,95.730164,249966500.0,101.66913604444447,94.899488,0.0,0.5,0.0,0.0,0.0,0.0,0.0,0.0,0.0,0.0
2008-09-23 00:00:00,120.849998,122.019997,118.279999,118.550003,93.552155,327470400.0,101.47225087777778,94.78784083333333,0.0,0.5,0.0,0.0,0.0,0.0,0.0,0.0,0.0,0.0
2008-09-24 00:00:00,119.349998,120.0,117.790001,118.93,93.852058,311818400.0,101.27757016666668,94.46333333333332,0.0,0.5,0.0,0.0,0.0,0.0,0.0,0.0,0.0,0.0
2008-09-25 00:00:00,119.400002,121.910004,118.440002,120.790001,95.319824,328253000.0,101.09581493333334,95.10136299999999,0.0,0.5,0.0,0.0,0.0,0.0,0.0,0.0,0.0,0.0
2008-09-26 00:00:00,118.830002,121.5,118.510002,120.849998,95.367188,285917400.0,100.92464836666667,95.29483683333335,0.0,0.5,0.0,0.0,0.0,0.0,0.0,0.0,0.0,0.0
2008-09-29 00:00:00,119.139999,119.339996,110.970001,111.379997,87.894028,459562300.0,100.69126527777779,93.61923616666667,0.0,0.5,0.0,0.0,0.0,0.0,0.0,0.0,0.0,0.0
2008-09-30 00:00:00,113.510002,116.800003,110.529999,115.989998,91.53196,328154400.0,100.49813004444447,92.9195355,0.0,0.5,0.0,0.0,0.0,0.0,0.0,0.0,0.0,0.0
2008-10-01 00:00:00,115.269997,116.690002,113.949997,116.059998,91.587204,332783000.0,100.32182991111112,92.59204366666667,0.0,0.5,0.0,0.0,0.0,0.0,0.0,0.0,0.0,0.0
2008-10-02 00:00:00,114.949997,115.110001,111.059998,111.849998,88.264938,365337800.0,100.0997679888889,91.66085699999998,0.0,0.5,0.0,0.0,0.0,0.0,0.0,0.0,0.0,0.0
2008-10-03 00:00:00,112.860001,115.449997,109.68,110.339996,87.073341,461798000.0,99.85891444444444,90.28644316666667,0.0,0.5,0.0,0.0,0.0,0.0,0.0,0.0,0.0,0.0
2008-10-06 00:00:00,107.150002,107.620003,100.639999,104.720001,82.638397,610637500.0,99.56271158888889,88.16497800000002,0.0,0.5,0.0,0.0,0.0,0.0,0.0,0.0,0.0,0.0
2008-10-07 00:00:00,106.839996,107.330002,99.650002,100.029999,78.93734,540012100.0,99.22235031111111,86.67219666666666,0.0,0.5,0.0,0.0,0.0,0.0,0.0,0.0,0.0,0.0
2008-10-08 00:00:00,97.519997,102.18,96.809998,97.510002,76.948723,725414800.0,98.87247052222223,84.24165716666666,0.0,0.5,0.0,0.0,0.0,0.0,0.0,0.0,0.0,0.0
2008-10-09 00:00:00,99.660004,100.620003,90.25,90.699997,71.574699,534485200.0,98.4699056,80.90623966666668,0.0,0.5,0.0,0.0,0.0,0.0,0.0,0.0,0.0,0.0
2008-10-10 00:00:00,86.760002,93.940002,83.580002,88.5,69.8386,871026300.0,98.04865807777779,77.83518333333333,0.0,0.5,0.0,0.0,0.0,0.0,0.0,0.0,0.0,0.0
2008-10-14 00:00:00,104.699997,105.529999,97.110001,99.849998,78.795303,546268300.0,97.7029880888889,76.45551033333332,0.0,0.5,0.0,0.0,0.0,0.0,0.0,0.0,0.0,0.0
2008-10-15 00:00:00,97.459999,97.800003,89.709999,90.019997,71.038094,484627500.0,97.31007478888893,74.5221265,0.0,0.5,0.0,0.0,0.0,0.0,0.0,0.0,0.0,0.0
2008-10-16 00:00:00,91.290001,94.769997,86.540001,93.769997,73.997337,708811200.0,96.94717941111115,73.69879266666666,0.0,0.5,0.0,0.0,0.0,0.0,0.0,0.0,0.0,0.0
2008-10-17 00:00:00,91.989998,98.589996,91.650002,93.209999,73.555435,476649000.0,96.58527263333336,73.13324466666667,0.0,0.5,0.0,0.0,0.0,0.0,0.0,0.0,0.0,0.0
2008-10-20 00:00:00,95.349998,99.099998,94.089996,98.809998,77.974609,321294200.0,96.28981644444448,74.19989633333333,0.0,0.5,0.0,0.0,0.0,0.0,0.0,0.0,0.0,0.0
2008-10-21 00:00:00,96.970001,98.639999,95.220001,95.860001,75.646645,356502000.0,95.96406986666672,75.16790383333334,0.0,0.5,0.0,0.0,0.0,0.0,0.0,0.0,0.0,0.0
2008-10-22 00:00:00,93.199997,95.860001,87.529999,90.639999,71.527351,516168000.0,95.57780717777783,73.9565785,0.0,0.5,0.0,0.0,0.0,0.0,0.0,0.0,0.0,0.0
2008-10-23 00:00:00,90.290001,92.449997,85.809998,91.690002,72.355949,634666400.0,95.20005711111118,74.17622100000001,0.0,0.5,0.0,0.0,0.0,0.0,0.0,0.0,0.0,0.0
2008-10-24 00:00:00,84.059998,89.919998,84.0,87.040001,68.686455,545812600.0,94.78725973333336,73.291074,0.0,0.5,0.0,0.0,0.0,0.0,0.0,0.0,0.0,0.0
2008-10-27 00:00:00,85.970001,89.510002,83.699997,83.949997,66.248016,397288600.0,94.35881870000001,72.07317083333334,0.0,0.5,0.0,0.0,0.0,0.0,0.0,0.0,0.0,0.0
2008-10-28 00:00:00,87.339996,94.239998,84.529999,93.760002,73.989464,639939500.0,94.01491925555555,71.40898,0.0,0.5,0.0,0.0,0.0,0.0,0.0,0.0,0.0,0.0
2008-10-29 00:00:00,93.769997,97.169998,92.099998,93.080002,73.45285,531270100.0,93.68398350000001,71.0433475,0.0,0.5,0.0,0.0,0.0,0.0,0.0,0.0,0.0,0.0
2008-10-30 00:00:00,95.779999,96.540001,92.900002,96.300003,75.993889,414582100.0,93.38241515555556,71.78777050000001,0.0,0.5,0.0,0.0,0.0,0.0,0.0,0.0,0.0,0.0
2008-10-31 00:00:00,95.080002,98.57,94.480003,96.830002,76.412132,411394000.0,93.08776055555556,72.463801,0.0,0.5,0.0,0.0,0.0,0.0,0.0,0.0,0.0,0.0
2008-11-03 00:00:00,96.779999,97.690002,95.949997,97.110001,76.633041,205419400.0,92.79015533333332,73.788232,0.0,0.5,0.0,0.0,0.0,0.0,0.0,0.0,0.0,0.0
2008-11-04 00:00:00,99.059998,100.860001,96.709999,100.410004,79.23719,346793400.0,92.55269441111112,75.95309433333334,0.0,0.5,0.0,0.0,0.0,0.0,0.0,0.0,0.0,0.0
2008-11-05 00:00:00,99.199997,100.709999,95.0,96.190002,75.907066,387844100.0,92.28433452222224,76.27269466666665,0.0,0.5,0.0,0.0,0.0,0.0,0.0,0.0,0.0,0.0
2008-11-06 00:00:00,94.459999,95.440002,90.059998,90.860001,71.700958,477721900.0,91.96531732222225,75.98071266666666,0.0,0.5,0.0,0.0,0.0,0.0,0.0,0.0,0.0,0.0
2008-11-07 00:00:00,91.650002,94.0,90.5,93.860001,74.068359,380391000.0,91.66911752222224,75.659791,0.0,0.5,0.0,0.0,0.0,0.0,0.0,0.0,0.0,0.0
2008-11-10 00:00:00,95.209999,95.529999,90.919998,92.629997,73.097755,301773000.0,91.38131234444445,75.10739483333333,0.0,0.5,0.0,0.0,0.0,0.0,0.0,0.0,0.0,0.0
2008-11-12 00:00:00,88.230003,88.949997,85.120003,85.82,67.723709,454330600.0,91.03266206666667,73.62250616666667,0.0,0.5,0.0,0.0,0.0,0.0,0.0,0.0,0.0,0.0
2008-11-13 00:00:00,86.129997,91.730003,82.089996,91.169998,71.945595,753141900.0,90.74216753333336,72.40724033333333,0.0,0.5,0.0,0.0,0.0,0.0,0.0,0.0,0.0,0.0
2008-11-14 00:00:00,89.410004,92.059998,86.519997,86.620003,68.355011,540352300.0,90.39242422222223,71.1485645,0.0,0.5,0.0,0.0,0.0,0.0,0.0,0.0,0.0,0.0
2008-11-17 00:00:00,86.379997,88.559998,85.160004,85.470001,67.44751,415254900.0,90.05395605555557,70.4396565,0.0,0.5,0.0,0.0,0.0,0.0,0.0,0.0,0.0,0.0
2008-11-18 00:00:00,85.150002,87.220001,82.910004,87.080002,68.718018,523811800.0,89.72515856666668,69.547933,0.0,0.5,0.0,0.0,0.0,0.0,0.0,0.0,0.0,0.0
2008-11-19 00:00:00,85.910004,86.870003,80.919998,81.5,64.314636,558327600.0,89.3601629,68.08407983333333,0.0,0.5,0.0,0.0,0.0,0.0,0.0,0.0,0.0,0.0
2008-11-20 00:00:00,80.129997,82.510002,75.050003,75.449997,59.540394,814180400.0,88.9518837,66.720194,0.0,0.5,0.0,0.0,0.0,0.0,0.0,0.0,0.0,0.0
2008-11-21 00:00:00,77.459999,80.900002,74.339996,79.519997,62.752125,718536500.0,88.59437217777779,65.18794899999999,0.0,0.5,0.0,0.0,0.0,0.0,0.0,0.0,0.0,0.0
2008-11-24 00:00:00,81.919998,86.989998,80.360001,85.029999,67.100311,523305300.0,88.25928196666668,64.97883233333333,0.0,0.5,0.0,0.0,0.0,0.0,0.0,0.0,0.0,0.0
2008-11-25 00:00:00,87.300003,87.510002,83.82,85.660004,67.597443,454112400.0,87.91890559999999,65.00382116666667,0.0,0.5,0.0,0.0,0.0,0.0,0.0,0.0,0.0,0.0
2008-11-26 00:00:00,84.300003,89.190002,84.239998,88.970001,70.209511,370134200.0,87.60075196666666,65.25240333333333,0.0,0.5,0.0,0.0,0.0,0.0,0.0,0.0,0.0,0.0
2008-11-28 00:00:00,88.629997,90.129997,88.480003,90.089996,71.093338,118308100.0,87.29180853333332,66.382187,0.0,0.5,0.0,0.0,0.0,0.0,0.0,0.0,0.0,0.0
2008-12-01 00:00:00,87.510002,87.550003,81.860001,82.110001,64.796013,369927100.0,86.90042847777777,67.25812350000001,0.0,0.5,0.0,0.0,0.0,0.0,0.0,0.0,0.0,0.0
2008-12-02 00:00:00,83.470001,85.489998,82.040001,85.269997,67.28968,469508400.0,86.53074073333332,68.01438266666668,0.0,0.5,0.0,0.0,0.0,0.0,0.0,0.0,0.0,0.0
2008-12-03 00:00:00,83.400002,87.830002,83.139999,87.32,68.907425,519863500.0,86.20221714444443,68.31556833333333,0.0,0.5,0.0,0.0,0.0,0.0,0.0,0.0,0.0,0.0
2008-12-04 00:00:00,86.059998,88.050003,83.739998,85.300003,67.31337,444173800.0,85.85624317777776,68.26822283333334,0.0,0.5,0.0,0.0,0.0,0.0,0.0,0.0,0.0,0.0
2008-12-05 00:00:00,83.650002,88.419998,82.239998,87.93,69.388809,471905300.0,85.54937044444442,68.13143916666667,0.0,0.5,0.0,0.0,0.0,0.0,0.0,0.0,0.0,0.0
2008-12-08 00:00:00,90.339996,92.379997,88.080002,91.0,71.811432,412859300.0,85.24640108888887,68.2511215,0.0,0.5,0.0,0.0,0.0,0.0,0.0,0.0,0.0,0.0
2008-12-09 00:00:00,90.370003,92.129997,88.980003,89.5,70.627739,370790000.0,84.9106643222222,69.22307583333334,0.0,0.5,0.0,0.0,0.0,0.0,0.0,0.0,0.0,0.0
2008-12-10 00:00:00,90.32,91.360001,89.0,90.110001,71.109093,396187400.0,84.5950961222222,69.85964466666667,0.0,0.5,0.0,0.0,0.0,0.0,0.0,0.0,0.0,0.0
2008-12-11 00:00:00,89.540001,91.0,87.370003,87.940002,69.396706,365061000.0,84.26634246666666,69.9411915,0.0,0.5,0.0,0.0,0.0,0.0,0.0,0.0,0.0,0.0
2008-12-12 00:00:00,85.550003,89.07,85.199997,88.989998,70.225266,415060400.0,83.95699476666665,70.42650750000001,0.0,0.5,0.0,0.0,0.0,0.0,0.0,0.0,0.0,0.0
2008-12-15 00:00:00,89.019997,89.150002,86.290001,87.75,69.246735,256694200.0,83.60739556666665,70.40282850000001,0.0,0.5,0.0,0.0,0.0,0.0,0.0,0.0,0.0,0.0
2008-12-16 00:00:00,91.879997,92.019997,88.18,91.879997,72.505898,377699500.0,83.28904052222221,70.51857283333332,0.0,0.5,0.0,0.0,0.0,0.0,0.0,0.0,0.0,0.0
2008-12-17 00:00:00,90.839996,92.43,90.059998,90.989998,71.803551,281819800.0,82.9796193222222,70.7145415,0.0,0.5,0.0,0.0,0.0,0.0,0.0,0.0,0.0,0.0
2008-12-18 00:00:00,91.400002,91.669998,88.209999,89.290001,70.462029,374673300.0,82.63471855555552,70.6066975,0.0,0.5,0.0,0.0,0.0,0.0,0.0,0.0,0.0,0.0
2008-12-19 00:00:00,89.099998,90.620003,88.089996,88.190002,70.15889,301451300.0,82.27476778888887,70.73372816666667,0.0,0.5,0.0,0.0,0.0,0.0,0.0,0.0,0.0,0.0
2008-12-22 00:00:00,88.580002,88.669998,85.489998,87.059998,69.259941,243759500.0,81.91668427777775,70.57284066666666,0.0,0.5,0.0,0.0,0.0,0.0,0.0,0.0,0.0,0.0
2008-12-23 00:00:00,87.529999,87.93,85.800003,86.160004,68.543961,221625200.0,81.55744576666665,70.45571166666666,0.0,0.5,0.0,0.0,0.0,0.0,0.0,0.0,0.0,0.0
2008-12-24 00:00:00,86.449997,86.870003,86.0,86.660004,68.941727,62061600.0,81.19417087777776,69.86168316666665,0.0,0.5,0.0,0.0,0.0,0.0,0.0,0.0,0.0,0.0
2008-12-26 00:00:00,87.239998,87.300003,86.5,87.160004,69.339516,74767700.0,80.8298237222222,69.45101066666668,0.0,0.5,0.0,0.0,0.0,0.0,0.0,0.0,0.0,0.0
2008-12-29 00:00:00,87.239998,87.330002,85.599998,86.910004,69.140625,127795900.0,80.4787840888889,69.23077666666667,0.0,0.5,0.0,0.0,0.0,0.0,0.0,0.0,0.0,0.0
2008-12-30 00:00:00,87.510002,89.050003,86.879997,88.970001,70.779449,168256300.0,80.15815852222221,69.33420316666667,0.0,0.5,0.0,0.0,0.0,0.0,0.0,0.0,0.0,0.0
2008-12-31 00:00:00,89.080002,90.970001,88.870003,90.239998,71.789795,193987200.0,79.84361554444442,69.7558455,0.0,0.5,0.0,0.0,0.0,0.0,0.0,0.0,0.0,0.0
2009-01-02 00:00:00,90.440002,93.440002,89.849998,92.959999,73.953667,227566300.0,79.5511978111111,70.65746316666667,0.0,0.5,0.0,0.0,0.0,0.0,0.0,0.0,0.0,0.0
2009-01-05 00:00:00,92.629997,93.660004,91.889999,92.849998,73.866142,240349700.0,79.24167971111109,71.478199,0.0,0.5,0.0,0.0,0.0,0.0,0.0,0.0,0.0,0.0
2009-01-06 00:00:00,93.639999,94.449997,92.68,93.470001,74.359383,328260900.0,78.96056967777774,72.3148435,0.0,0.5,0.0,0.0,0.0,0.0,0.0,0.0,0.0,0.0
2009-01-07 00:00:00,92.0,92.260002,90.199997,90.669998,72.131844,280899200.0,78.65148375555553,72.81338,0.0,0.5,0.0,0.0,0.0,0.0,0.0,0.0,0.0,0.0
2009-01-08 00:00:00,90.160004,91.089996,89.669998,91.040001,72.426216,263834400.0,78.33485828888885,73.08784116666666,0.0,0.5,0.0,0.0,0.0,0.0,0.0,0.0,0.0,0.0
2009-01-09 00:00:00,91.160004,91.32,85.360001,89.089996,70.874908,330953600.0,77.98739658888884,72.93536,0.0,0.5,0.0,0.0,0.0,0.0,0.0,0.0,0.0,0.0
2009-01-12 00:00:00,88.839996,88.910004,86.410004,86.949997,69.172447,277858500.0,77.63322347777775,72.13849,0.0,0.5,0.0,0.0,0.0,0.0,0.0,0.0,0.0,0.0
2009-01-13 00:00:00,86.730003,87.879997,86.199997,87.110001,69.299728,356432300.0,77.28743888888884,71.377421,0.0,0.5,0.0,0.0,0.0,0.0,0.0,0.0,0.0,0.0
2009-01-14 00:00:00,85.540001,85.75,83.160004,84.370003,67.119934,435491600.0,76.9183930333333,70.17084616666666,0.0,0.5,0.0,0.0,0.0,0.0,0.0,0.0,0.0,0.0
2009-01-15 00:00:00,84.120003,85.25,81.720001,84.400002,67.143829,532647300.0,76.58317608888888,69.33951033333334,0.0,0.5,0.0,0.0,0.0,0.0,0.0,0.0,0.0,0.0
2009-01-16 00:00:00,85.860001,85.989998,83.050003,85.059998,67.668884,399237200.0,76.25039283333331,68.54662166666667,0.0,0.5,0.0,0.0,0.0,0.0,0.0,0.0,0.0,0.0
2009-01-20 00:00:00,84.230003,85.059998,80.050003,80.57,64.096863,419855200.0,75.85551631111109,67.41694749999999,0.0,0.5,0.0,0.0,0.0,0.0,0.0,0.0,0.0,0.0
2009-01-21 00:00:00,81.940002,84.239998,80.470001,84.050003,66.865379,364360700.0,75.52426715555552,67.03243616666667,0.0,0.5,0.0,0.0,0.0,0.0,0.0,0.0,0.0,0.0
2009-01-22 00:00:00,82.419998,84.040001,81.169998,82.75,65.831161,427940300.0,75.17716725555555,66.45434166666666,0.0,0.5,0.0,0.0,0.0,0.0,0.0,0.0,0.0,0.0
2009-01-23 00:00:00,80.900002,83.989998,80.57,83.110001,66.117546,386800600.0,74.8176450111111,66.287277,0.0,0.5,0.0,0.0,0.0,0.0,0.0,0.0,0.0,0.0
2009-01-26 00:00:00,83.589996,85.360001,82.809998,83.68,66.571022,317978800.0,74.45810538888888,66.19180916666666,0.0,0.5,0.0,0.0,0.0,0.0,0.0,0.0,0.0,0.0
2009-01-27 00:00:00,84.129997,85.150002,83.300003,84.529999,67.247253,273789700.0,74.15838555555555,66.12153733333334,0.0,0.5,0.0,0.0,0.0,0.0,0.0,0.0,0.0,0.0
2009-01-28 00:00:00,86.400002,87.949997,86.07,87.389999,69.522499,330007000.0,73.86642328888888,67.02580999999999,0.0,0.5,0.0,0.0,0.0,0.0,0.0,0.0,0.0,0.0
2009-01-29 00:00:00,86.110001,87.489998,84.470001,84.550003,67.263145,294392500.0,73.59721772222221,67.09210433333332,0.0,0.5,0.0,0.0,0.0,0.0,0.0,0.0,0.0,0.0
2009-01-30 00:00:00,84.980003,85.400002,82.209999,82.830002,65.894806,383383600.0,73.28264506666666,67.10271183333334,0.0,0.5,0.0,0.0,0.0,0.0,0.0,0.0,0.0,0.0
2009-02-02 00:00:00,81.57,83.18,81.309998,82.580002,65.695908,288233300.0,72.92429257777778,67.03243883333334,0.0,0.5,0.0,0.0,0.0,0.0,0.0,0.0,0.0,0.0
2009-02-03 00:00:00,83.099998,84.360001,82.220001,83.739998,66.618767,278385800.0,72.6008326111111,67.04039633333333,0.0,0.5,0.0,0.0,0.0,0.0,0.0,0.0,0.0,0.0
2009-02-04 00:00:00,84.300003,85.370003,83.040001,83.330002,66.292572,322989300.0,72.29794835555555,66.88128283333333,0.0,0.5,0.0,0.0,0.0,0.0,0.0,0.0,0.0,0.0
2009-02-05 00:00:00,82.699997,85.290001,77.730003,84.57,67.279076,417679400.0,72.002693,66.507379,0.0,0.5,0.0,0.0,0.0,0.0,0.0,0.0,0.0,0.0
2009-02-06 00:00:00,84.860001,87.339996,84.68,86.980003,69.196304,366101700.0,71.71243166666666,66.82957216666667,0.0,0.5,0.0,0.0,0.0,0.0,0.0,0.0,0.0,0.0
2009-02-09 00:00:00,86.959999,87.739998,86.32,87.099998,69.291756,240075200.0,71.42270464444442,67.39573050000001,0.0,0.5,0.0,0.0,0.0,0.0,0.0,0.0,0.0,0.0
2009-02-10 00:00:00,86.269997,87.029999,82.449997,83.110001,66.117546,536212800.0,71.18074373333332,67.4660035,0.0,0.5,0.0,0.0,0.0,0.0,0.0,0.0,0.0,0.0
2009-02-11 00:00:00,83.449997,84.050003,82.400002,83.599998,66.507362,324442500.0,70.90269264444443,67.447436,0.0,0.5,0.0,0.0,0.0,0.0,0.0,0.0,0.0,0.0
2009-02-12 00:00:00,82.169998,83.82,81.050003,83.660004,66.555107,469302200.0,70.62455823333332,67.49119183333333,0.0,0.5,0.0,0.0,0.0,0.0,0.0,0.0,0.0,0.0
2009-02-13 00:00:00,83.550003,84.239998,82.739998,82.760002,65.839104,293998400.0,70.37538229999998,67.2511965,0.0,0.5,0.0,0.0,0.0,0.0,0.0,0.0,0.0,0.0
2009-02-17 00:00:00,80.160004,82.959999,79.169998,79.220001,63.022923,478910100.0,70.10815543333331,66.22229966666667,0.0,0.5,0.0,0.0,0.0,0.0,0.0,0.0,0.0,0.0
2009-02-18 00:00:00,79.790001,79.940002,78.279999,79.029999,62.871731,362964800.0,69.8885258111111,65.15229550000001,0.0,0.5,0.0,0.0,0.0,0.0,0.0,0.0,0.0,0.0
2009-02-19 00:00:00,79.839996,80.150002,78.019997,78.18,62.19553,316867500.0,69.70250569999999,64.49862616666668,0.0,0.5,0.0,0.0,0.0,0.0,0.0,0.0,0.0,0.0
2009-02-20 00:00:00,76.730003,78.339996,75.769997,77.419998,61.590954,477176600.0,69.53186382222222,63.679224833333336,0.0,0.5,0.0,0.0,0.0,0.0,0.0,0.0,0.0,0.0
2009-02-23 00:00:00,78.269997,78.269997,74.589996,74.650002,59.38726,379641400.0,69.39644783333334,62.48458366666667,0.0,0.5,0.0,0.0,0.0,0.0,0.0,0.0,0.0,0.0
2009-02-24 00:00:00,75.290001,77.949997,74.699997,77.480003,61.638653,426260900.0,69.3053373111111,61.784508499999994,0.0,0.5,0.0,0.0,0.0,0.0,0.0,0.0,0.0,0.0
2009-02-25 00:00:00,77.139999,78.419998,75.629997,76.870003,61.153366,461985800.0,69.10931578888889,61.472915666666665,0.0,0.5,0.0,0.0,0.0,0.0,0.0,0.0,0.0,0.0
2009-02-26 00:00:00,77.82,79.669998,75.529999,75.620003,60.158947,363353900.0,68.98843637777779,61.020785,0.0,0.5,0.0,0.0,0.0,0.0,0.0,0.0,0.0,0.0
2009-02-27 00:00:00,74.010002,75.690002,73.809998,73.93,58.814491,470510900.0,68.8197380888889,60.4572785,0.0,0.5,0.0,0.0,0.0,0.0,0.0,0.0,0.0,0.0
2009-03-02 00:00:00,72.519997,73.919998,70.370003,70.599998,56.165318,426452600.0,68.62651456666667,59.55300583333334,0.0,0.5,0.0,0.0,0.0,0.0,0.0,0.0,0.0,0.0
2009-03-03 00:00:00,71.610001,71.699997,69.639999,70.07,55.743675,443761000.0,68.37950418888887,58.94574166666666,0.0,0.5,0.0,0.0,0.0,0.0,0.0,0.0,0.0,0.0
2009-03-04 00:00:00,71.230003,72.870003,70.07,71.730003,57.064285,462753100.0,68.17303352222223,58.183347,0.0,0.5,0.0,0.0,0.0,0.0,0.0,0.0,0.0,0.0
2009-03-05 00:00:00,70.099998,71.730003,68.169998,68.800003,54.733349,485549400.0,67.98643350000002,57.11334416666666,0.0,0.5,0.0,0.0,0.0,0.0,0.0,0.0,0.0,0.0
2009-03-06 00:00:00,69.400002,70.449997,67.099998,68.919998,54.828804,490470000.0,67.79168744444445,56.22498699999999,0.0,0.5,0.0,0.0,0.0,0.0,0.0,0.0,0.0,0.0
2009-03-09 00:00:00,67.949997,70.0,67.730003,68.110001,54.184429,379905300.0,67.63055382222224,55.45331000000001,0.0,0.5,0.0,0.0,0.0,0.0,0.0,0.0,0.0,0.0
2009-03-10 00:00:00,69.510002,72.370003,69.370003,72.169998,57.414318,406227900.0,67.53240162222222,55.661476666666665,0.0,0.5,0.0,0.0,0.0,0.0,0.0,0.0,0.0,0.0
2009-03-11 00:00:00,73.0,73.75,71.830002,72.639999,57.788239,356648300.0,67.35238801111112,56.00223733333332,0.0,0.5,0.0,0.0,0.0,0.0,0.0,0.0,0.0,0.0
2009-03-12 00:00:00,72.620003,75.75,71.970001,75.5,60.06348,409702700.0,67.20361723333335,56.502103166666664,0.0,0.5,0.0,0.0,0.0,0.0,0.0,0.0,0.0,0.0
2009-03-13 00:00:00,76.010002,76.980003,74.730003,76.089996,60.532841,337474700.0,67.03182781111111,57.46868516666667,0.0,0.5,0.0,0.0,0.0,0.0,0.0,0.0,0.0,0.0
2009-03-16 00:00:00,76.959999,77.970001,75.809998,75.860001,60.349884,360644900.0,66.8533583888889,58.388865166666676,0.0,0.5,0.0,0.0,0.0,0.0,0.0,0.0,0.0,0.0
2009-03-17 00:00:00,76.07,78.360001,75.449997,78.18,62.19553,356814300.0,66.69294160000001,59.72404866666667,0.0,0.5,0.0,0.0,0.0,0.0,0.0,0.0,0.0,0.0
2009-03-18 00:00:00,77.809998,80.900002,77.07,79.93,63.587738,473273200.0,66.51905880000002,60.752952,0.0,0.5,0.0,0.0,0.0,0.0,0.0,0.0,0.0,0.0
2009-03-19 00:00:00,80.93,81.0,78.690002,78.940002,62.800137,428520400.0,66.37342625555557,61.58826833333333,0.0,0.5,0.0,0.0,0.0,0.0,0.0,0.0,0.0,0.0
2009-03-20 00:00:00,78.760002,78.910004,76.529999,76.709999,61.462879,371078200.0,66.25966982222224,61.82150149999999,0.0,0.5,0.0,0.0,0.0,0.0,0.0,0.0,0.0,0.0
2009-03-23 00:00:00,78.739998,82.290001,78.309998,82.220001,65.877686,419933300.0,66.16866234444446,62.712309,0.0,0.5,0.0,0.0,0.0,0.0,0.0,0.0,0.0,0.0
2009-03-24 00:00:00,81.239998,82.360001,80.510002,80.599998,64.579689,330271000.0,66.07401716666669,63.41727649999999,0.0,0.5,0.0,0.0,0.0,0.0,0.0,0.0,0.0,0.0
2009-03-25 00:00:00,81.230003,82.699997,79.059998,81.449997,65.26075,441775100.0,66.04665095555558,63.928146500000004,0.0,0.5,0.0,0.0,0.0,0.0,0.0,0.0,0.0,0.0
2009-03-26 00:00:00,82.25,83.300003,81.32,83.110001,66.59079,422025200.0,65.98715312222225,64.42865516666666,0.0,0.5,0.0,0.0,0.0,0.0,0.0,0.0,0.0,0.0
2009-03-27 00:00:00,82.050003,82.529999,81.309998,81.610001,65.388939,322332300.0,65.95419676666668,64.86012216666667,0.0,0.5,0.0,0.0,0.0,0.0,0.0,0.0,0.0,0.0
2009-03-30 00:00:00,79.800003,79.870003,77.959999,78.790001,63.129448,324108500.0,65.90621830000002,65.13788366666667,0.0,0.5,0.0,0.0,0.0,0.0,0.0,0.0,0.0,0.0
2009-03-31 00:00:00,79.559998,81.080002,79.050003,79.519997,63.714348,364238300.0,65.8506219666667,64.77732733333333,0.0,0.5,0.0,0.0,0.0,0.0,0.0,0.0,0.0,0.0
2009-04-01 00:00:00,78.529999,81.419998,78.330002,81.059998,64.948257,377018300.0,65.85766220000001,64.83875533333332,0.0,0.5,0.0,0.0,0.0,0.0,0.0,0.0,0.0,0.0
2009-04-02 00:00:00,83.080002,84.610001,81.129997,83.43,66.847198,476230700.0,65.93884891111115,65.10316333333334,0.0,0.5,0.0,0.0,0.0,0.0,0.0,0.0,0.0,0.0
2009-04-03 00:00:00,83.489998,84.279999,82.669998,84.260002,67.512238,284646300.0,65.99173905555557,65.256738,0.0,0.5,0.0,0.0,0.0,0.0,0.0,0.0,0.0,0.0
2009-04-06 00:00:00,83.339996,84.279999,82.290001,83.599998,66.983421,264866600.0,65.99044027777781,65.522485,0.0,0.5,0.0,0.0,0.0,0.0,0.0,0.0,0.0,0.0
2009-04-07 00:00:00,82.25,82.650002,81.510002,81.650002,65.421005,258947800.0,65.96625763333336,65.90441116666666,0.0,0.5,0.0,0.0,0.0,0.0,0.0,0.0,0.0,0.0
2009-04-08 00:00:00,82.059998,82.940002,81.540001,82.529999,66.126068,230402800.0,65.92088604444447,66.30636449999999,0.0,0.5,0.0,0.0,0.0,0.0,0.0,0.0,0.0,0.0
2009-04-09 00:00:00,84.669998,85.82,84.330002,85.809998,68.754097,269653500.0,65.8948944777778,66.94067116666668,0.0,0.5,0.0,0.0,0.0,0.0,0.0,0.0,0.0,0.0
2009-04-10 00:00:00,84.669998,85.82,84.330002,85.809998,68.754097,269653500.0,65.9388731888889,67.25848766666667,0.0,0.5,0.0,0.0,0.0,0.0,0.0,0.0,0.0,0.0
2009-04-13 00:00:00,84.919998,86.540001,84.580002,85.830002,68.770172,224847500.0,65.95532310000003,67.46814333333333,0.0,0.5,0.0,0.0,0.0,0.0,0.0,0.0,0.0,0.0
2009-04-14 00:00:00,85.029999,85.760002,84.080002,84.349998,67.584328,276598800.0,65.94062202222223,67.5682945,0.0,0.5,0.0,0.0,0.0,0.0,0.0,0.0,0.0,0.0
2009-04-15 00:00:00,83.839996,85.419998,83.610001,85.25,68.305458,250726100.0,65.95164522222224,68.04903666666668,0.0,0.5,0.0,0.0,0.0,0.0,0.0,0.0,0.0,0.0
2009-04-16 00:00:00,85.93,87.150002,84.769997,86.5,69.306961,335202900.0,65.95073580000002,68.57918550000001,0.0,0.5,0.0,0.0,0.0,0.0,0.0,0.0,0.0,0.0
2009-04-17 00:00:00,86.830002,87.650002,86.139999,87.080002,69.771706,262649000.0,65.92807217777778,68.74878700000001,0.0,0.5,0.0,0.0,0.0,0.0,0.0,0.0,0.0,0.0
2009-04-20 00:00:00,85.540001,87.050003,83.339996,83.43,66.847198,293690100.0,65.88606616666668,68.4309705,0.0,0.5,0.0,0.0,0.0,0.0,0.0,0.0,0.0,0.0
2009-04-21 00:00:00,82.82,85.129997,82.75,85.059998,68.153221,114090900.0,65.85322314444444,68.32814533333334,0.0,0.5,0.0,0.0,0.0,0.0,0.0,0.0,0.0,0.0
2009-04-22 00:00:00,84.290001,86.339996,84.07,84.540001,67.736588,340395200.0,65.8347773888889,68.353522,0.0,0.5,0.0,0.0,0.0,0.0,0.0,0.0,0.0,0.0
2009-04-23 00:00:00,84.709999,85.419998,83.629997,85.370003,68.401588,324903700.0,65.8145143,68.36954366666666,0.0,0.5,0.0,0.0,0.0,0.0,0.0,0.0,0.0,0.0
2009-04-24 00:00:00,86.029999,87.309998,85.690002,86.660004,69.435188,287703000.0,65.81660822222223,68.39091483333333,0.0,0.5,0.0,0.0,0.0,0.0,0.0,0.0,0.0,0.0
2009-04-27 00:00:00,85.68,87.010002,85.540001,85.839996,68.778183,289581600.0,65.77518916666668,68.22532766666667,0.0,0.5,0.0,0.0,0.0,0.0,0.0,0.0,0.0,0.0
2009-04-28 00:00:00,84.970001,86.589996,84.760002,85.57,68.561844,247926300.0,65.73917020000002,68.51110200000001,0.0,0.5,0.0,0.0,0.0,0.0,0.0,0.0,0.0,0.0
2009-04-29 00:00:00,86.519997,88.360001,86.300003,87.389999,70.020096,311505700.0,65.73425983333335,68.82224783333334,0.0,0.5,0.0,0.0,0.0,0.0,0.0,0.0,0.0,0.0
2009-04-30 00:00:00,88.550003,89.019997,86.919998,87.419998,70.044128,301419800.0,65.7329847,69.20683783333334,0.0,0.5,0.0,0.0,0.0,0.0,0.0,0.0,0.0,0.0
2009-05-01 00:00:00,87.440002,88.209999,86.720001,87.889999,70.420715,236110300.0,65.7458821888889,69.543359,0.0,0.5,0.0,0.0,0.0,0.0,0.0,0.0,0.0,0.0
2009-05-04 00:00:00,88.550003,90.940002,88.379997,90.879997,72.816391,287120000.0,65.79335363333335,70.10689283333333,0.0,0.5,0.0,0.0,0.0,0.0,0.0,0.0,0.0,0.0
2009-05-05 00:00:00,90.57,90.93,89.839996,90.57,72.568024,243036300.0,65.83364582222222,70.738533,0.0,0.5,0.0,0.0,0.0,0.0,0.0,0.0,0.0,0.0
2009-05-06 00:00:00,91.68,92.199997,90.610001,92.139999,73.825951,291941000.0,65.88349510000002,71.61588416666666,0.0,0.5,0.0,0.0,0.0,0.0,0.0,0.0,0.0,0.0
2009-05-07 00:00:00,93.010002,93.150002,90.279999,90.860001,72.800385,317728000.0,65.9241591,72.07926566666667,0.0,0.5,0.0,0.0,0.0,0.0,0.0,0.0,0.0,0.0
2009-05-08 00:00:00,92.029999,93.220001,91.440002,92.980003,74.498993,299081700.0,65.96548736666666,72.82174316666666,0.0,0.5,0.0,0.0,0.0,0.0,0.0,0.0,0.0,0.0
2009-05-11 00:00:00,91.699997,92.110001,91.040001,91.239998,73.104874,247923600.0,65.98009935555555,73.269103,0.0,0.5,0.0,0.0,0.0,0.0,0.0,0.0,0.0,0.0
2009-05-12 00:00:00,91.629997,91.830002,89.849998,90.970001,72.888527,282431300.0,65.96826446666667,73.28112566666667,0.0,0.5,0.0,0.0,0.0,0.0,0.0,0.0,0.0,0.0
2009-05-13 00:00:00,89.739998,90.010002,88.5,88.68,71.053711,269619100.0,65.93701523333331,73.02874016666668,0.0,0.5,0.0,0.0,0.0,0.0,0.0,0.0,0.0,0.0
2009-05-14 00:00:00,88.720001,90.120003,88.5,89.440002,71.662643,260098700.0,65.90705145555555,72.66818883333333,0.0,0.5,0.0,0.0,0.0,0.0,0.0,0.0,0.0,0.0
2009-05-15 00:00:00,89.370003,90.0,88.150002,88.709999,71.077728,271502700.0,65.89533905555555,72.38107933333333,0.0,0.5,0.0,0.0,0.0,0.0,0.0,0.0,0.0,0.0
2009-05-18 00:00:00,89.550003,91.339996,88.57,91.230003,73.096832,241447400.0,65.90279034444444,72.14738583333333,0.0,0.5,0.0,0.0,0.0,0.0,0.0,0.0,0.0,0.0
2009-05-19 00:00:00,91.18,91.970001,90.809998,91.120003,73.00872,206102200.0,65.92649936666666,72.13136016666667,0.0,0.5,0.0,0.0,0.0,0.0,0.0,0.0,0.0,0.0
2009-05-20 00:00:00,91.949997,92.800003,90.410004,90.510002,72.519958,285722200.0,65.96369393333332,72.069932,0.0,0.5,0.0,0.0,0.0,0.0,0.0,0.0,0.0,0.0
2009-05-21 00:00:00,89.459999,89.800003,88.260002,89.209999,71.478317,258988400.0,65.98790047777777,72.14069966666666,0.0,0.5,0.0,0.0,0.0,0.0,0.0,0.0,0.0,0.0
2009-05-22 00:00:00,89.459999,90.0,88.68,89.019997,71.326111,166811900.0,66.03463577777777,72.084611,0.0,0.5,0.0,0.0,0.0,0.0,0.0,0.0,0.0,0.0
2009-05-26 00:00:00,88.360001,91.559998,88.32,91.300003,73.152916,236318500.0,66.10140341111112,72.43047566666667,0.0,0.5,0.0,0.0,0.0,0.0,0.0,0.0,0.0,0.0
2009-05-27 00:00:00,91.440002,91.75,89.529999,89.669998,71.846893,246015800.0,66.14782573333333,72.2221525,0.0,0.5,0.0,0.0,0.0,0.0,0.0,0.0,0.0,0.0
2009-05-28 00:00:00,90.459999,91.339996,89.099998,90.919998,72.84845,289095000.0,66.24506558888888,72.19544083333334,0.0,0.5,0.0,0.0,0.0,0.0,0.0,0.0,0.0,0.0
2009-05-29 00:00:00,91.419998,93.699997,90.68,92.529999,74.138451,258641500.0,66.3258775,72.46518966666667,0.0,0.5,0.0,0.0,0.0,0.0,0.0,0.0,0.0,0.0
2009-06-01 00:00:00,93.669998,95.169998,93.43,94.769997,75.933182,276246800.0,66.43812217777779,73.20766716666667,0.0,0.5,0.0,0.0,0.0,0.0,0.0,0.0,0.0,0.0
2009-06-02 00:00:00,94.400002,95.370003,94.230003,94.849998,75.997299,230874500.0,66.54789721111112,73.9861985,0.0,0.5,0.0,0.0,0.0,0.0,0.0,0.0,0.0,0.0
2009-06-03 00:00:00,94.040001,94.129997,92.760002,93.650002,75.035843,235310500.0,66.64195077777778,74.30001966666667,0.0,0.5,0.0,0.0,0.0,0.0,0.0,0.0,0.0,0.0
2009-06-04 00:00:00,94.0,94.669998,93.300003,94.529999,75.740913,210102300.0,66.73632477777778,74.949023,0.0,0.5,0.0,0.0,0.0,0.0,0.0,0.0,0.0,0.0
2009-06-05 00:00:00,95.489998,95.669998,93.800003,94.550003,75.756943,284257900.0,66.80559637777775,75.43377183333332,0.0,0.5,0.0,0.0,0.0,0.0,0.0,0.0,0.0,0.0
2009-06-08 00:00:00,93.839996,95.099998,93.040001,94.160004,75.444443,238565100.0,66.89649968888888,75.65143716666665,0.0,0.5,0.0,0.0,0.0,0.0,0.0,0.0,0.0,0.0
2009-06-09 00:00:00,94.690002,95.139999,94.019997,94.639999,75.829063,225125500.0,67.00688032222222,75.63408400000002,0.0,0.5,0.0,0.0,0.0,0.0,0.0,0.0,0.0,0.0
2009-06-10 00:00:00,95.480003,95.489998,93.190002,94.400002,75.636749,296100400.0,67.1173341111111,75.57399233333335,0.0,0.5,0.0,0.0,0.0,0.0,0.0,0.0,0.0,0.0
2009-06-11 00:00:00,94.580002,96.110001,94.559998,94.82,75.973282,275414200.0,67.22127316666663,75.73023216666667,0.0,0.5,0.0,0.0,0.0,0.0,0.0,0.0,0.0,0.0
2009-06-12 00:00:00,94.400002,95.139999,94.0,95.080002,76.181587,184361800.0,67.3311511111111,75.80367783333334,0.0,0.5,0.0,0.0,0.0,0.0,0.0,0.0,0.0,0.0
2009-06-15 00:00:00,93.959999,94.019997,92.400002,92.900002,74.434906,224190500.0,67.41066033333333,75.58333833333333,0.0,0.5,0.0,0.0,0.0,0.0,0.0,0.0,0.0,0.0
2009-06-16 00:00:00,93.230003,93.290001,91.580002,91.639999,73.425354,227319000.0,67.45764977777776,75.2468235,0.0,0.5,0.0,0.0,0.0,0.0,0.0,0.0,0.0,0.0
2009-06-17 00:00:00,91.599998,92.330002,90.830002,91.550003,73.353249,223445200.0,67.50277747777777,74.83418783333333,0.0,0.5,0.0,0.0,0.0,0.0,0.0,0.0,0.0,0.0
2009-06-18 00:00:00,91.690002,92.669998,91.25,92.220001,73.890038,211725100.0,67.58913849999998,74.54306933333334,0.0,0.5,0.0,0.0,0.0,0.0,0.0,0.0,0.0,0.0
2009-06-19 00:00:00,92.580002,92.699997,91.519997,92.040001,74.162415,215655600.0,67.67419464444441,74.24125816666667,0.0,0.5,0.0,0.0,0.0,0.0,0.0,0.0,0.0,0.0
2009-06-22 00:00:00,91.139999,91.190002,89.25,89.279999,71.938499,251913600.0,67.7340101111111,73.53407683333333,0.0,0.5,0.0,0.0,0.0,0.0,0.0,0.0,0.0,0.0
2009-06-23 00:00:00,89.470001,89.879997,88.849998,89.349998,71.994911,188309800.0,67.80240796666665,73.127411,0.0,0.5,0.0,0.0,0.0,0.0,0.0,0.0,0.0,0.0
2009-06-24 00:00:00,90.160004,91.080002,89.599998,90.120003,72.615349,211577700.0,67.90899047777778,72.99241016666666,0.0,0.5,0.0,0.0,0.0,0.0,0.0,0.0,0.0,0.0
2009-06-25 00:00:00,89.669998,92.169998,89.57,92.080002,74.194641,279411000.0,68.03480058888887,73.13264216666666,0.0,0.5,0.0,0.0,0.0,0.0,0.0,0.0,0.0,0.0
2009-06-26 00:00:00,91.769997,92.239998,91.269997,91.839996,74.001251,167579000.0,68.16597526666666,73.15117766666667,0.0,0.5,0.0,0.0,0.0,0.0,0.0,0.0,0.0,0.0
2009-06-29 00:00:00,92.110001,92.82,91.599998,92.699997,74.694206,168481300.0,68.31156695555555,73.23980949999999,0.0,0.5,0.0,0.0,0.0,0.0,0.0,0.0,0.0,0.0
2009-06-30 00:00:00,92.720001,93.059998,91.269997,91.949997,74.089905,228888200.0,68.47492967777777,73.59837716666667,0.0,0.5,0.0,0.0,0.0,0.0,0.0,0.0,0.0,0.0
2009-07-01 00:00:00,92.339996,93.230003,92.209999,92.330002,74.396095,173041100.0,68.61667903333331,73.9985745,0.0,0.5,0.0,0.0,0.0,0.0,0.0,0.0,0.0,0.0
2009-07-02 00:00:00,91.129997,92.360001,89.760002,89.809998,72.365562,212309900.0,68.74125898888886,73.95694333333334,0.0,0.5,0.0,0.0,0.0,0.0,0.0,0.0,0.0,0.0
2009-07-06 00:00:00,88.940002,89.93,88.660004,89.800003,72.357536,174499600.0,68.87679886666665,73.65075916666666,0.0,0.5,0.0,0.0,0.0,0.0,0.0,0.0,0.0,0.0
2009-07-07 00:00:00,89.709999,89.82,88.0,88.059998,70.95549,197088900.0,69.01169885555555,73.14313233333333,0.0,0.5,0.0,0.0,0.0,0.0,0.0,0.0,0.0,0.0
2009-07-08 00:00:00,88.589996,88.800003,87.0,88.0,70.907181,248050500.0,69.17549733333333,72.5119615,0.0,0.5,0.0,0.0,0.0,0.0,0.0,0.0,0.0,0.0
2009-07-09 00:00:00,88.610001,88.900002,87.910004,88.169998,71.044121,163777600.0,69.34550228888887,72.00433083333333,0.0,0.5,0.0,0.0,0.0,0.0,0.0,0.0,0.0,0.0
2009-07-10 00:00:00,87.699997,88.489998,87.349998,87.959999,70.874901,173520300.0,69.49895357777777,71.41746516666666,0.0,0.5,0.0,0.0,0.0,0.0,0.0,0.0,0.0,0.0
2009-07-13 00:00:00,88.309998,90.169998,87.589996,90.099998,72.599228,217413500.0,69.69746334444444,71.45640949999999,0.0,0.5,0.0,0.0,0.0,0.0,0.0,0.0,0.0,0.0
2009-07-14 00:00:00,90.379997,90.690002,89.730003,90.610001,73.010193,181487400.0,69.89947877777779,71.56518566666666,0.0,0.5,0.0,0.0,0.0,0.0,0.0,0.0,0.0,0.0
2009-07-15 00:00:00,91.809998,93.510002,90.68,93.260002,75.145454,220877900.0,70.13237905555556,72.263513,0.0,0.5,0.0,0.0,0.0,0.0,0.0,0.0,0.0,0.0
2009-07-16 00:00:00,93.0,94.510002,92.82,93.110001,75.024605,231174500.0,70.32804891111113,72.94975033333334,0.0,0.5,0.0,0.0,0.0,0.0,0.0,0.0,0.0,0.0
2009-07-17 00:00:00,94.059998,94.32,93.540001,94.129997,75.846458,138561700.0,70.52869578888891,73.75013983333334,0.0,0.5,0.0,0.0,0.0,0.0,0.0,0.0,0.0,0.0
2009-07-20 00:00:00,94.68,95.290001,94.190002,95.129997,76.652214,164179400.0,70.71301505555556,74.71302533333333,0.0,0.5,0.0,0.0,0.0,0.0,0.0,0.0,0.0,0.0
2009-07-21 00:00:00,95.870003,95.900002,94.419998,95.57,77.006752,217718300.0,70.89605851111112,75.44761266666667,0.0,0.5,0.0,0.0,0.0,0.0,0.0,0.0,0.0,0.0
2009-07-22 00:00:00,94.959999,96.129997,94.889999,95.550003,76.990646,196068100.0,71.08095586666668,76.11102149999999,0.0,0.5,0.0,0.0,0.0,0.0,0.0,0.0,0.0,0.0
2009-07-23 00:00:00,95.610001,98.080002,95.529999,97.660004,78.690819,258795500.0,71.26423685555557,76.70191566666666,0.0,0.5,0.0,0.0,0.0,0.0,0.0,0.0,0.0,0.0
2009-07-24 00:00:00,97.199997,98.139999,96.690002,98.059998,79.013123,154003100.0,71.43563002222223,77.36666866666668,0.0,0.5,0.0,0.0,0.0,0.0,0.0,0.0,0.0,0.0
2009-07-27 00:00:00,97.879997,98.400002,97.339996,98.349998,79.24678,159259400.0,71.61837050000001,77.933389,0.0,0.5,0.0,0.0,0.0,0.0,0.0,0.0,0.0,0.0
2009-07-28 00:00:00,97.660004,98.370003,97.059998,97.889999,78.876129,186685200.0,71.81185105555556,78.3040415,0.0,0.5,0.0,0.0,0.0,0.0,0.0,0.0,0.0,0.0
2009-07-29 00:00:00,97.440002,98.089996,96.980003,97.650002,78.682755,194399300.0,71.9541296,78.58337533333334,0.0,0.5,0.0,0.0,0.0,0.0,0.0,0.0,0.0,0.0
2009-07-30 00:00:00,98.830002,99.830002,98.599998,98.669998,79.504616,225575400.0,72.11996212222222,79.00237033333333,0.0,0.5,0.0,0.0,0.0,0.0,0.0,0.0,0.0,0.0
2009-07-31 00:00:00,98.650002,99.470001,98.379997,98.809998,79.617432,207358000.0,72.27948081111111,79.15680583333334,0.0,0.5,0.0,0.0,0.0,0.0,0.0,0.0,0.0,0.0
2009-08-03 00:00:00,99.849998,100.529999,99.309998,100.440002,80.930832,175776900.0,72.43881461111111,79.476424,0.0,0.5,0.0,0.0,0.0,0.0,0.0,0.0,0.0,0.0
2009-08-04 00:00:00,99.989998,100.839996,99.779999,100.699997,81.140305,176714600.0,72.61382978888889,79.7920115,0.0,0.5,0.0,0.0,0.0,0.0,0.0,0.0,0.0,0.0
2009-08-05 00:00:00,100.769997,100.860001,99.580002,100.410004,80.906624,184726400.0,72.81135396666667,80.13042733333333,0.0,0.5,0.0,0.0,0.0,0.0,0.0,0.0,0.0,0.0
2009-08-06 00:00:00,100.870003,101.019997,99.419998,99.889999,80.487663,193203800.0,72.99772413333334,80.43124533333334,0.0,0.5,0.0,0.0,0.0,0.0,0.0,0.0,0.0,0.0
2009-08-07 00:00:00,100.940002,102.029999,100.389999,101.199997,81.543198,220640900.0,73.18211236666667,80.771009,0.0,0.5,0.0,0.0,0.0,0.0,0.0,0.0,0.0,0.0
2009-08-10 00:00:00,100.739998,101.220001,100.269997,100.989998,81.373993,130898700.0,73.34352120000001,81.06376916666666,0.0,0.5,0.0,0.0,0.0,0.0,0.0,0.0,0.0,0.0
2009-08-11 00:00:00,100.540001,100.610001,99.459999,99.730003,80.358757,157301000.0,73.48626030000001,80.96842333333332,0.0,0.5,0.0,0.0,0.0,0.0,0.0,0.0,0.0,0.0
2009-08-12 00:00:00,99.559998,101.559998,99.510002,100.800003,81.220901,219052400.0,73.64445452222223,80.981856,0.0,0.5,0.0,0.0,0.0,0.0,0.0,0.0,0.0,0.0
2009-08-13 00:00:00,101.260002,101.610001,100.260002,101.57,81.841354,176449500.0,73.82690284444446,81.13764433333334,0.0,0.5,0.0,0.0,0.0,0.0,0.0,0.0,0.0,0.0
2009-08-14 00:00:00,101.519997,101.599998,99.699997,100.790001,81.21283,199616100.0,73.99453353333335,81.2585055,0.0,0.5,0.0,0.0,0.0,0.0,0.0,0.0,0.0,0.0
2009-08-17 00:00:00,98.849998,98.949997,98.110001,98.309998,79.214561,237667500.0,74.11076091111113,80.87039933333334,0.0,0.5,0.0,0.0,0.0,0.0,0.0,0.0,0.0,0.0
2009-08-18 00:00:00,98.529999,99.440002,98.349998,99.089996,79.843048,173461500.0,74.2339714777778,80.61524183333333,0.0,0.5,0.0,0.0,0.0,0.0,0.0,0.0,0.0,0.0
2009-08-19 00:00:00,98.309998,100.300003,98.209999,99.959999,80.544067,192812800.0,74.36479253333334,80.64612683333333,0.0,0.5,0.0,0.0,0.0,0.0,0.0,0.0,0.0,0.0
2009-08-20 00:00:00,100.089996,101.220001,99.870003,100.989998,81.373993,174131300.0,74.51801103333335,80.67164216666666,0.0,0.5,0.0,0.0,0.0,0.0,0.0,0.0,0.0,0.0
2009-08-21 00:00:00,101.82,103.129997,101.620003,102.970001,82.969376,224605000.0,74.68094345555556,80.85964583333333,0.0,0.5,0.0,0.0,0.0,0.0,0.0,0.0,0.0,0.0
2009-08-24 00:00:00,103.389999,103.949997,102.589996,102.959999,82.961349,191279000.0,74.83265887777779,81.15106566666667,0.0,0.5,0.0,0.0,0.0,0.0,0.0,0.0,0.0,0.0
2009-08-25 00:00:00,103.370003,104.260002,102.940002,103.160004,83.122498,215310600.0,74.98100101111113,81.80238849999999,0.0,0.5,0.0,0.0,0.0,0.0,0.0,0.0,0.0,0.0
2009-08-26 00:00:00,102.839996,103.639999,102.489998,103.169998,83.130569,194620700.0,75.16192735555556,82.35030866666666,0.0,0.5,0.0,0.0,0.0,0.0,0.0,0.0,0.0,0.0
2009-08-27 00:00:00,103.110001,103.720001,101.940002,103.400002,83.315865,196230100.0,75.33040117777779,82.812275,0.0,0.5,0.0,0.0,0.0,0.0,0.0,0.0,0.0,0.0
2009-08-28 00:00:00,104.230003,104.349998,102.669998,103.379997,83.299751,147024400.0,75.5033252111111,83.13323466666667,0.0,0.5,0.0,0.0,0.0,0.0,0.0,0.0,0.0,0.0
2009-08-31 00:00:00,102.370003,102.580002,101.790001,102.459999,82.558472,176051600.0,75.66062392222221,83.06475066666665,0.0,0.5,0.0,0.0,0.0,0.0,0.0,0.0,0.0,0.0
2009-09-01 00:00:00,101.949997,103.239998,99.989998,100.199997,80.737427,321276800.0,75.78620435555555,82.694097,0.0,0.5,0.0,0.0,0.0,0.0,0.0,0.0,0.0,0.0
2009-09-02 00:00:00,99.779999,100.440002,99.57,99.82,80.431236,171805000.0,75.91568272222221,82.24555333333335,0.0,0.5,0.0,0.0,0.0,0.0,0.0,0.0,0.0,0.0
2009-09-03 00:00:00,100.400002,100.769997,99.589996,100.650002,81.100021,143572300.0,76.05499580000001,81.90712866666667,0.0,0.5,0.0,0.0,0.0,0.0,0.0,0.0,0.0,0.0
2009-09-04 00:00:00,100.849998,102.089996,100.550003,102.059998,82.23616,142687900.0,76.19072984444446,81.72717783333333,0.0,0.5,0.0,0.0,0.0,0.0,0.0,0.0,0.0,0.0
2009-09-08 00:00:00,103.0,103.050003,102.389999,102.940002,82.945236,132909100.0,76.3340754888889,81.66809199999999,0.0,0.5,0.0,0.0,0.0,0.0,0.0,0.0,0.0,0.0
2009-09-09 00:00:00,103.120003,104.080002,102.800003,103.730003,83.581787,154612500.0,76.48030962222224,81.8386445,0.0,0.5,0.0,0.0,0.0,0.0,0.0,0.0,0.0,0.0
2009-09-10 00:00:00,103.800003,104.860001,103.220001,104.790001,84.43589,162902400.0,76.60941516666668,82.455055,0.0,0.5,0.0,0.0,0.0,0.0,0.0,0.0,0.0,0.0
2009-09-11 00:00:00,104.989998,105.300003,104.279999,104.769997,84.419792,152360100.0,76.74110147777778,83.11981433333334,0.0,0.5,0.0,0.0,0.0,0.0,0.0,0.0,0.0,0.0
2009-09-14 00:00:00,103.879997,105.459999,103.150002,105.279999,84.830734,149593800.0,76.86337684444445,83.74159983333334,0.0,0.5,0.0,0.0,0.0,0.0,0.0,0.0,0.0,0.0
2009-09-15 00:00:00,105.449997,106.110001,104.760002,105.720001,85.185272,196795900.0,77.0009867,84.2331185,0.0,0.5,0.0,0.0,0.0,0.0,0.0,0.0,0.0,0.0
2009-09-16 00:00:00,106.099998,107.339996,105.730003,107.32,86.47448,206406300.0,77.13404766666666,84.82132583333333,0.0,0.5,0.0,0.0,0.0,0.0,0.0,0.0,0.0,0.0
2009-09-17 00:00:00,107.169998,108.059998,106.57,107.160004,86.345551,229170900.0,77.2811663,85.28195316666667,0.0,0.5,0.0,0.0,0.0,0.0,0.0,0.0,0.0,0.0
2009-09-18 00:00:00,107.150002,107.160004,106.360001,106.720001,86.400604,153799100.0,77.4313004888889,85.6094055,0.0,0.5,0.0,0.0,0.0,0.0,0.0,0.0,0.0,0.0
2009-09-21 00:00:00,105.889999,107.0,105.660004,106.449997,86.182007,151892000.0,77.59939266666667,85.90310800000002,0.0,0.5,0.0,0.0,0.0,0.0,0.0,0.0,0.0,0.0
2009-09-22 00:00:00,107.080002,107.370003,106.599998,107.07,86.68399,143126700.0,77.76629652222222,86.21198399999999,0.0,0.5,0.0,0.0,0.0,0.0,0.0,0.0,0.0,0.0
2009-09-23 00:00:00,107.32,108.029999,105.989998,106.18,85.963432,225947400.0,77.93169323333333,86.34167733333334,0.0,0.5,0.0,0.0,0.0,0.0,0.0,0.0,0.0,0.0
2009-09-24 00:00:00,106.410004,106.639999,104.550003,105.010002,85.016174,228636800.0,78.06413036666665,86.09862633333334,0.0,0.5,0.0,0.0,0.0,0.0,0.0,0.0,0.0,0.0
2009-09-25 00:00:00,104.779999,105.360001,104.089996,104.449997,84.562813,204059000.0,78.19250917777778,85.80150333333334,0.0,0.5,0.0,0.0,0.0,0.0,0.0,0.0,0.0,0.0
2009-09-28 00:00:00,104.849998,106.550003,104.830002,106.32,86.076752,118285800.0,78.34314022222222,85.74752799999999,0.0,0.5,0.0,0.0,0.0,0.0,0.0,0.0,0.0,0.0
2009-09-29 00:00:00,106.510002,107.019997,105.779999,106.0,85.817703,133733900.0,78.5024667333333,85.68681066666666,0.0,0.5,0.0,0.0,0.0,0.0,0.0,0.0,0.0,0.0
2009-09-30 00:00:00,106.360001,106.459999,104.620003,105.589996,85.485748,254383000.0,78.65979603333334,85.48710366666667,0.0,0.5,0.0,0.0,0.0,0.0,0.0,0.0,0.0,0.0
2009-10-01 00:00:00,103.0,105.730003,102.949997,102.970001,83.364571,281840600.0,78.77325886666665,85.05396016666667,0.0,0.5,0.0,0.0,0.0,0.0,0.0,0.0,0.0,0.0
2009-10-02 00:00:00,102.019997,103.099998,101.989998,102.489998,82.97599,224748800.0,78.89691549999999,84.7139295,0.0,0.5,0.0,0.0,0.0,0.0,0.0,0.0,0.0,0.0
2009-10-05 00:00:00,102.900002,104.32,102.599998,104.019997,84.214668,149875000.0,79.0232068111111,84.65590533333334,0.0,0.5,0.0,0.0,0.0,0.0,0.0,0.0,0.0,0.0
2009-10-06 00:00:00,104.769997,106.110001,104.709999,105.510002,85.420998,202491100.0,79.14856844444442,84.546613,0.0,0.5,0.0,0.0,0.0,0.0,0.0,0.0,0.0,0.0
2009-10-07 00:00:00,105.269997,105.910004,105.07,105.800003,85.655777,159200300.0,79.25659727777777,84.51962533333334,0.0,0.5,0.0,0.0,0.0,0.0,0.0,0.0,0.0,0.0
2009-10-08 00:00:00,106.550003,107.169998,105.849998,106.610001,86.311554,183305800.0,79.3712001111111,84.65725966666666,0.0,0.5,0.0,0.0,0.0,0.0,0.0,0.0,0.0,0.0
2009-10-09 00:00:00,106.639999,107.260002,106.360001,107.260002,86.837807,135008300.0,79.50233304444443,85.23613233333333,0.0,0.5,0.0,0.0,0.0,0.0,0.0,0.0,0.0,0.0
2009-10-13 00:00:00,107.389999,107.709999,106.760002,107.459999,86.999687,157692700.0,79.62743053333331,85.9067485,0.0,0.5,0.0,0.0,0.0,0.0,0.0,0.0,0.0,0.0
2009-10-14 00:00:00,108.720001,109.419998,107.419998,109.309998,88.497467,191421600.0,79.76899191111109,86.62054833333333,0.0,0.5,0.0,0.0,0.0,0.0,0.0,0.0,0.0,0.0
2009-10-15 00:00:00,108.779999,109.709999,108.730003,109.709999,88.82132,173873600.0,79.91762387777777,87.18726866666667,0.0,0.5,0.0,0.0,0.0,0.0,0.0,0.0,0.0,0.0
2009-10-16 00:00:00,108.800003,109.269997,108.230003,108.889999,88.157455,192069400.0,80.0546060111111,87.60421500000001,0.0,0.5,0.0,0.0,0.0,0.0,0.0,0.0,0.0,0.0
2009-10-19 00:00:00,109.07,110.129997,108.730003,109.790001,88.88607,159530400.0,80.20182068888886,88.03330100000001,0.0,0.5,0.0,0.0,0.0,0.0,0.0,0.0,0.0,0.0
2009-10-20 00:00:00,109.949997,109.989998,108.68,109.209999,88.416473,180921100.0,80.34007836666666,88.29641199999999,0.0,0.5,0.0,0.0,0.0,0.0,0.0,0.0,0.0,0.0
2009-10-21 00:00:00,109.040001,110.309998,108.150002,108.230003,87.623085,225379300.0,80.46720612222222,88.40031166666665,0.0,0.5,0.0,0.0,0.0,0.0,0.0,0.0,0.0,0.0
2009-10-22 00:00:00,108.190002,109.68,107.5,109.330002,88.513702,238444000.0,80.62363718888888,88.40301749999999,0.0,0.5,0.0,0.0,0.0,0.0,0.0,0.0,0.0,0.0
2009-10-23 00:00:00,109.690002,109.760002,107.629997,108.080002,87.501663,240033200.0,80.7800406222222,88.18307466666666,0.0,0.5,0.0,0.0,0.0,0.0,0.0,0.0,0.0,0.0
2009-10-26 00:00:00,108.199997,109.309998,106.610001,106.910004,86.554443,242028200.0,80.92672055555555,87.915906,0.0,0.5,0.0,0.0,0.0,0.0,0.0,0.0,0.0,0.0
2009-10-27 00:00:00,107.029999,107.389999,106.160004,106.419998,86.15773,253266300.0,81.06302824444444,87.46118266666667,0.0,0.5,0.0,0.0,0.0,0.0,0.0,0.0,0.0,0.0
2009-10-28 00:00:00,106.150002,106.480003,104.349998,104.410004,84.530441,248821400.0,81.17822853333331,86.81351066666666,0.0,0.5,0.0,0.0,0.0,0.0,0.0,0.0,0.0,0.0
2009-10-29 00:00:00,105.190002,106.860001,104.940002,106.650002,86.343933,198110600.0,81.33828891111109,86.60031866666667,0.0,0.5,0.0,0.0,0.0,0.0,0.0,0.0,0.0,0.0
2009-10-30 00:00:00,106.300003,106.620003,103.440002,103.559998,83.842247,325608100.0,81.46992597777776,85.82174283333335,0.0,0.5,0.0,0.0,0.0,0.0,0.0,0.0,0.0,0.0
2009-11-02 00:00:00,104.129997,105.410004,103.080002,104.32,84.457573,254222900.0,81.60150624444442,85.31439449999999,0.0,0.5,0.0,0.0,0.0,0.0,0.0,0.0,0.0,0.0
2009-11-03 00:00:00,103.739998,104.800003,103.540001,104.650002,84.724739,228362600.0,81.71850733333332,85.00944383333332,0.0,0.5,0.0,0.0,0.0,0.0,0.0,0.0,0.0,0.0
2009-11-04 00:00:00,105.510002,106.330002,104.650002,104.919998,84.943321,247996700.0,81.84008588888888,84.80704233333331,0.0,0.5,0.0,0.0,0.0,0.0,0.0,0.0,0.0,0.0
2009-11-05 00:00:00,105.660004,106.879997,105.440002,106.849998,86.505844,180015300.0,81.9713263111111,85.13627616666668,0.0,0.5,0.0,0.0,0.0,0.0,0.0,0.0,0.0,0.0
2009-11-06 00:00:00,106.260002,107.400002,106.050003,107.129997,86.732529,170954100.0,82.1117999111111,85.20104216666668,0.0,0.5,0.0,0.0,0.0,0.0,0.0,0.0,0.0,0.0
2009-11-09 00:00:00,107.949997,109.629997,107.870003,109.57,88.707954,159495700.0,82.27082056666667,86.01199333333334,0.0,0.5,0.0,0.0,0.0,0.0,0.0,0.0,0.0,0.0
2009-11-10 00:00:00,109.309998,109.93,108.970001,109.589996,88.724152,171899800.0,82.45258267777778,86.72308983333333,0.0,0.5,0.0,0.0,0.0,0.0,0.0,0.0,0.0,0.0
2009-11-12 00:00:00,110.0,110.57,108.75,109.029999,88.270798,157144500.0,82.62939669999999,87.31409966666666,0.0,0.5,0.0,0.0,0.0,0.0,0.0,0.0,0.0,0.0
2009-11-13 00:00:00,109.309998,110.089996,108.75,109.620003,88.748466,150963000.0,82.82709643333332,87.9482905,0.0,0.5,0.0,0.0,0.0,0.0,0.0,0.0,0.0,0.0
2009-11-16 00:00:00,110.379997,111.690002,110.32,111.209999,90.035698,210922200.0,83.03963551111109,88.53659950000001,0.0,0.5,0.0,0.0,0.0,0.0,0.0,0.0,0.0,0.0
2009-11-17 00:00:00,110.919998,111.389999,110.5,111.339996,90.140953,147134100.0,83.25182253333331,89.10467016666666,0.0,0.5,0.0,0.0,0.0,0.0,0.0,0.0,0.0,0.0
2009-11-18 00:00:00,111.260002,111.43,110.57,111.269997,90.084267,156486800.0,83.46525993333331,89.33405566666666,0.0,0.5,0.0,0.0,0.0,0.0,0.0,0.0,0.0,0.0
2009-11-19 00:00:00,110.510002,111.309998,109.129997,109.82,88.910339,208734600.0,83.64649449999999,89.36508683333334,0.0,0.5,0.0,0.0,0.0,0.0,0.0,0.0,0.0,0.0
2009-11-20 00:00:00,109.25,109.760002,109.010002,109.43,88.594597,134196000.0,83.81965454444443,89.41905333333334,0.0,0.5,0.0,0.0,0.0,0.0,0.0,0.0,0.0,0.0
2009-11-23 00:00:00,110.720001,111.739998,110.599998,110.82,89.719963,148010200.0,83.98159353333332,89.5809695,0.0,0.5,0.0,0.0,0.0,0.0,0.0,0.0,0.0,0.0
2009-11-24 00:00:00,111.0,111.199997,110.010002,110.989998,89.857582,138420100.0,84.14640438888888,89.5512835,0.0,0.5,0.0,0.0,0.0,0.0,0.0,0.0,0.0,0.0
2009-11-25 00:00:00,111.169998,111.5,110.82,111.379997,90.17334,109564800.0,84.30559196666667,89.55668133333332,0.0,0.5,0.0,0.0,0.0,0.0,0.0,0.0,0.0,0.0
2009-11-27 00:00:00,108.400002,110.32,108.290001,109.57,88.707954,126001800.0,84.43954463333331,89.32729583333332,0.0,0.5,0.0,0.0,0.0,0.0,0.0,0.0,0.0,0.0
2009-11-30 00:00:00,109.480003,110.199997,108.120003,109.940002,89.00753,160874800.0,84.5728866111111,89.34349433333334,0.0,0.5,0.0,0.0,0.0,0.0,0.0,0.0,0.0,0.0
2009-12-01 00:00:00,110.919998,111.660004,110.730003,111.300003,90.108559,159613700.0,84.7186412,89.59582133333333,0.0,0.5,0.0,0.0,0.0,0.0,0.0,0.0,0.0,0.0
